企业名(name),中文名(name_cn),当前一级(tag_l1),当前二级(tag_l2),被审目标标签,是否问题(是/否),原二级(被审那个),建议二级(若问题),理由(≤40字),国家(country),简介(description简)
乐湾,乐湾,养老服务,适老化|适老化改造,适老化,否,适老化,,,,康养社区运营商，提供高品质养老社区和康养服务。
优享陪诊,优享陪诊,医疗健康,健康管理,健康管理,否,健康管理,,,,专业陪诊服务平台，为老年人及行动不便人群提供就医陪同、代办挂号、取药等一站式服务。
全民K歌,全民K歌,文娱社交,文娱|社交平台,文娱,否,文娱,,,,腾讯旗下在线K歌应用，中老年用户活跃度极高，是银发群体最常用的娱乐社交应用之一。
全民K歌,全民K歌,文娱社交,文娱|社交平台,社交平台,否,社交平台,,,,腾讯旗下在线K歌应用，中老年用户活跃度极高，是银发群体最常用的娱乐社交应用之一。
共比邻,共比邻,文娱社交,文娱|旅游,文娱,否,文娱,,,,老年旅游平台，有公众号和小程序。
兴趣岛,兴趣岛,文娱社交,文娱|社交平台,文娱,否,文娱,,,,"前身""千聊""，成立于2016年，中老年在线兴趣教育平台。提供太极、瑜伽、书法、国画、声乐等课程，累计服务数百万中老年用户"
兴趣岛,兴趣岛,文娱社交,文娱|社交平台,社交平台,否,社交平台,,,,"前身""千聊""，成立于2016年，中老年在线兴趣教育平台。提供太极、瑜伽、书法、国画、声乐等课程，累计服务数百万中老年用户"
医家通,医家通,养老服务,居家护理|适老化|适老化改造,居家护理,否,居家护理,,,,社区居家养老SaaS系统提供商，为养老机构和社区养老服务中心提供信息化管理平台。
医家通,医家通,养老服务,居家护理|适老化|适老化改造,适老化,否,适老化,,,,社区居家养老SaaS系统提供商，为养老机构和社区养老服务中心提供信息化管理平台。
南京新百,南京新百,养老服务|金融保险,产业资本|居家护理,居家护理,否,居家护理,,,,A股上市公司（600682），旗下拥有安康通、Natali、禾康养老等品牌，是国内领先的养老服务运营企业，业务覆盖居家养
南京新百,南京新百,养老服务|金融保险,产业资本|居家护理,产业资本,否,产业资本,,,,A股上市公司（600682），旗下拥有安康通、Natali、禾康养老等品牌，是国内领先的养老服务运营企业，业务覆盖居家养
博斯腾,博斯腾,养老服务|医疗健康,养老机构|认知症,认知症,否,认知症,,,,上海博斯腾网络科技，认知症（阿尔茨海默病）数字疗法企业。通过AI驱动的认知评估和训练游戏，为轻度认知障碍和认知症患者提供
可靠股份,可靠股份,金融保险,产业资本,产业资本,否,产业资本,,,,"成人失禁护理用品龙头企业，A股上市（301298），旗下""可靠""品牌是国内成人纸尿裤头部品牌，产品覆盖成人失禁护理全品类"
善诊,善诊,医疗健康,健康管理,健康管理,否,健康管理,,,,成立于2015年，上海，老年体检服务平台。通过整合全国体检机构资源，为老年人和企业客户提供专业体检服务及健康管理方案。累
奕然康复,奕然康复,医疗健康|智能科技|消费品,医疗器械|智能硬件|机器人,智能硬件,否,智能硬件,,,,康复医疗设备研发企业，专注于康复机器人及智能康复解决方案。
安护通,安护通,养老服务|医疗健康,健康管理|居家护理|慢病管理,健康管理,是,健康管理,慢病管理,糖尿病/慢病属慢病管理,,居家护理服务平台，提供专业护理员上门服务，覆盖居家养老、术后护理、慢病管理等场景。
安护通,安护通,养老服务|医疗健康,健康管理|居家护理|慢病管理,居家护理,否,居家护理,,,,居家护理服务平台，提供专业护理员上门服务，覆盖居家养老、术后护理、慢病管理等场景。
安杰莱,安杰莱,医疗健康|智能科技|消费品,康复医疗|智能硬件|机器人,智能硬件,否,智能硬件,,,,医疗机器人企业，专注于康复外骨骼机器人研发，为卒中、脊髓损伤等患者提供下肢康复训练方案。
小年糕,小年糕,文娱社交,文娱|社交平台,文娱,否,文娱,,,,中老年短视频和影集制作应用，微信生态内头部小程序，服务数亿用户，是银发群体最常用的内容创作工具之一。
小年糕,小年糕,文娱社交,文娱|社交平台,社交平台,否,社交平台,,,,中老年短视频和影集制作应用，微信生态内头部小程序，服务数亿用户，是银发群体最常用的内容创作工具之一。
小橙,小橙,养老服务|消费品,专业护理|居家护理|智能硬件,居家护理,否,居家护理,,,,智慧养老解决方案提供商，为养老机构提供智能化硬件和SaaS管理系统。
小橙,小橙,养老服务|消费品,专业护理|居家护理|智能硬件,专业护理,否,专业护理,,,,智慧养老解决方案提供商，为养老机构提供智能化硬件和SaaS管理系统。
小橙,小橙,养老服务|消费品,专业护理|居家护理|智能硬件,智能硬件,否,智能硬件,,,,智慧养老解决方案提供商，为养老机构提供智能化硬件和SaaS管理系统。
彩视,彩视,文娱社交,文娱|社交平台,文娱,否,文娱,,,,中老年短视频社交平台，提供视频制作、社区互动等功能，主要面向银发群体。
彩视,彩视,文娱社交,文娱|社交平台,社交平台,否,社交平台,,,,中老年短视频社交平台，提供视频制作、社区互动等功能，主要面向银发群体。
心智青,心智青,文娱社交,文娱|社交平台,文娱,否,文娱,,,,中老年文娱教育平台，提供线下课程和社区活动，聚焦中老年精神文化需求。
心智青,心智青,文娱社交,文娱|社交平台,社交平台,否,社交平台,,,,中老年文娱教育平台，提供线下课程和社区活动，聚焦中老年精神文化需求。
悦心健康,悦心健康,金融保险,产业资本,产业资本,否,产业资本,,,,A股上市公司（002162，原斯米克），从建筑陶瓷业务转型大健康与养老服务，布局康养社区、康复医疗和老年教育。
抚理健康,抚理健康,养老服务,专业护理|居家护理,居家护理,否,居家护理,,,,居家养老护理服务商，提供专业护理员上门服务，覆盖生活照料、医疗护理、康复陪伴等。
抚理健康,抚理健康,养老服务,专业护理|居家护理,专业护理,否,专业护理,,,,居家养老护理服务商，提供专业护理员上门服务，覆盖生活照料、医疗护理、康复陪伴等。
易得康,易得康,养老服务,专业护理|居家护理,居家护理,否,居家护理,,,,居家养老护理服务品牌，提供专业护理员上门服务，服务覆盖长三角等地区。
易得康,易得康,养老服务,专业护理|居家护理,专业护理,否,专业护理,,,,居家养老护理服务品牌，提供专业护理员上门服务，服务覆盖长三角等地区。
橙医健康,橙医健康,医疗健康,健康管理|慢病管理,健康管理,否,健康管理,,,,老年健康管理和陪诊服务平台，提供就医陪同、健康体检、慢病管理等服务。
清澜技术,清澜技术,医疗健康,健康监测|健康管理,健康管理,否,健康管理,,,,智慧养老技术企业，专注于物联网和AI技术在养老场景的应用。
清澜技术,清澜技术,医疗健康,健康监测|健康管理,健康监测,否,健康监测,,,,智慧养老技术企业，专注于物联网和AI技术在养老场景的应用。
清雷,清雷,医疗健康,健康监测|健康管理,健康管理,否,健康管理,,,,毫米波雷达健康监测企业，通过非接触式传感器实现跌倒检测、睡眠监测、生命体征监测等智慧养老功能。
清雷,清雷,医疗健康,健康监测|健康管理,健康监测,否,健康监测,,,,毫米波雷达健康监测企业，通过非接触式传感器实现跌倒检测、睡眠监测、生命体征监测等智慧养老功能。
点可,点可,医疗健康,健康监测|健康管理,健康管理,否,健康管理,,,,智慧养老SaaS平台提供商，为养老机构提供运营管理和信息化解决方案。
点可,点可,医疗健康,健康监测|健康管理,健康监测,否,健康监测,,,,智慧养老SaaS平台提供商，为养老机构提供运营管理和信息化解决方案。
特霍芬,特霍芬,养老服务|医疗健康,养老机构|认知症|适老化,认知症,否,认知症,,,,适老化技术和智慧养老解决方案提供商，聚焦老年人居住环境智能化改造。
特霍芬,特霍芬,养老服务|医疗健康,养老机构|认知症|适老化,适老化,否,适老化,,,,适老化技术和智慧养老解决方案提供商，聚焦老年人居住环境智能化改造。
百芝龙,百芝龙,养老服务|医疗健康,健康监测|健康管理|居家护理,健康管理,否,健康管理,,,,智能家居和智慧养老企业，提供基于AIoT的居家养老安全监测解决方案。
百芝龙,百芝龙,养老服务|医疗健康,健康监测|健康管理|居家护理,健康监测,否,健康监测,,,,智能家居和智慧养老企业，提供基于AIoT的居家养老安全监测解决方案。
百芝龙,百芝龙,养老服务|医疗健康,健康监测|健康管理|居家护理,居家护理,否,居家护理,,,,智能家居和智慧养老企业，提供基于AIoT的居家养老安全监测解决方案。
福寿康,福寿康,养老服务,专业护理|居家护理,居家护理,否,居家护理,,,,国内头部居家养老护理服务连锁品牌，成立于上海，业务覆盖全国数十个城市，提供居家护理、长护险服务、康复训练等。已完成多轮融
福寿康,福寿康,养老服务,专业护理|居家护理,专业护理,否,专业护理,,,,国内头部居家养老护理服务连锁品牌，成立于上海，业务覆盖全国数十个城市，提供居家护理、长护险服务、康复训练等。已完成多轮融
程天,程天,医疗健康|康复辅具|消费品,外骨骼|康复医疗|智能硬件,智能硬件,否,智能硬件,,,,外骨骼机器人研发企业，专注于康复和助行外骨骼，为老年人和行动不便人群提供智能助行方案。
红松学堂,红松学堂,文娱社交,文娱|社交平台,文娱,否,文娱,,,,中老年在线兴趣学习平台，提供太极、声乐、书法、舞蹈等直播课程，累计服务数百万中老年用户。
红松学堂,红松学堂,文娱社交,文娱|社交平台,社交平台,否,社交平台,,,,中老年在线兴趣学习平台，提供太极、声乐、书法、舞蹈等直播课程，累计服务数百万中老年用户。
织生科技,织生科技,养老服务|医疗健康,养老机构|认知症,认知症,否,认知症,,,,脑科学与数字疗法企业，专注于认知功能评估和训练，为认知障碍提供数字化干预方案。
美好盛年,美好盛年,文娱社交,文娱|旅游|社交平台,文娱,否,文娱,,,,中老年文娱教育平台，提供线下课程、旅游社交等服务，聚焦55-70岁人群精神文化需求。
美好盛年,美好盛年,文娱社交,文娱|旅游|社交平台,社交平台,否,社交平台,,,,中老年文娱教育平台，提供线下课程、旅游社交等服务，聚焦55-70岁人群精神文化需求。
美篇,美篇,文娱社交,文娱|社交平台,文娱,否,文娱,,,,中老年图文创作社区，微信生态内热门应用，提供图文排版、影集制作等功能，是银发群体重要的内容创作和分享平台。
美篇,美篇,文娱社交,文娱|社交平台,社交平台,否,社交平台,,,,中老年图文创作社区，微信生态内热门应用，提供图文排版、影集制作等功能，是银发群体重要的内容创作和分享平台。
苗米,苗米,医疗健康,健康监测|健康管理,健康管理,否,健康管理,,,,智慧养老相关企业，提供养老信息化和智能化解决方案。
苗米,苗米,医疗健康,健康监测|健康管理,健康监测,否,健康监测,,,,智慧养老相关企业，提供养老信息化和智能化解决方案。
迈步,迈步,医疗健康|智能科技|消费品,康复医疗|智能硬件|机器人,智能硬件,否,智能硬件,,,,康复机器人企业，专注于下肢康复外骨骼机器人研发，为卒中患者和老年人提供康复训练方案。
远也,远也,医疗健康|康复辅具|消费品,外骨骼|康复医疗|智能硬件,智能硬件,否,智能硬件,,,,柔性外骨骼和智能穿戴企业，研发轻便型助行外骨骼，为老年人和行动不便人群提供日常助行支持。
量子之歌,量子之歌,文娱社交,文娱|社交平台,文娱,否,文娱,,,,在线教育集团（NASDAQ: QSG），旗下启牛学堂等品牌，提供金融素养和兴趣学习课程，中老年用户占比显著。
量子之歌,量子之歌,文娱社交,文娱|社交平台,社交平台,否,社交平台,,,,在线教育集团（NASDAQ: QSG），旗下启牛学堂等品牌，提供金融素养和兴趣学习课程，中老年用户占比显著。
闲趣岛,闲趣岛,文娱社交,文娱|旅游|社交平台,文娱,否,文娱,,,,中老年社交文娱平台，提供兴趣社区、线上课程、旅游社交等服务。
闲趣岛,闲趣岛,文娱社交,文娱|旅游|社交平台,社交平台,否,社交平台,,,,中老年社交文娱平台，提供兴趣社区、线上课程、旅游社交等服务。
集思鸣智,集思鸣智,养老服务|医疗健康,养老机构|认知症,认知症,否,认知症,,,,脑科学与认知健康企业，提供认知功能评估和训练解决方案。
颐养通,颐养通,养老服务,适老化|适老化改造,适老化,否,适老化,,,,智慧养老信息化平台，为养老机构和社区提供运营管理SaaS系统。
颐家,颐家,养老服务,专业护理|居家护理,居家护理,否,居家护理,,,,居家养老护理服务商，成立于上海，提供居家护理、康复、陪护等服务，是上海长护险定点服务机构。
颐家,颐家,养老服务,专业护理|居家护理,专业护理,否,专业护理,,,,居家养老护理服务商，成立于上海，提供居家护理、康复、陪护等服务，是上海长护险定点服务机构。
颐讯,颐讯,养老服务,适老化|适老化改造,适老化,否,适老化,,,,养老信息化服务商，为养老机构提供管理系统和运营支持工具。
鲸鱼陪诊,鲸鱼陪诊,养老服务|医疗健康,健康管理|居家护理,健康管理,否,健康管理,,,,专业陪诊服务平台，为老年人、孕妇等提供就医陪同、代办服务等。
鲸鱼陪诊,鲸鱼陪诊,养老服务|医疗健康,健康管理|居家护理,居家护理,否,居家护理,,,,专业陪诊服务平台，为老年人、孕妇等提供就医陪同、代办服务等。
鹤灵医疗,鹤灵医疗,养老服务|医疗健康,养老机构|认知症,认知症,否,认知症,,,,医疗健康企业，专注于老年医疗和康复领域。
麦麦养老,麦麦养老,养老服务|消费品,智能硬件|适老化|适老化改造,适老化,否,适老化,,,,智慧养老解决方案提供商，为养老机构和社区提供智能化管理平台和硬件设备。
麦麦养老,麦麦养老,养老服务|消费品,智能硬件|适老化|适老化改造,智能硬件,否,智能硬件,,,,智慧养老解决方案提供商，为养老机构和社区提供智能化管理平台和硬件设备。
BAI资本,BAI资本,金融保险,产业资本,产业资本,否,产业资本,,,,贝塔斯曼亚洲投资基金（Bertelsmann Asia Investments），关注消费、教育、医疗健康领域的早期和成
CMEF,,文娱社交|消费品,咨询研究|智能硬件,智能硬件,否,智能硬件,,,,中国国际医疗器械博览会（China Medical Equipment Fair），每年春秋两届，是中国最大的医疗器械及
OKCS,,养老服务,居家护理,居家护理,否,居家护理,,,,OKCS（居家康养服务平台），提供居家养老服务标准化解决方案，涵盖护理员培训、服务派单、质量管理等环节。
SIC保利老博会,SIC保利老博会,文娱社交|消费品,咨询研究|智能硬件,智能硬件,否,智能硬件,,,,保利国际老博会（SIC），由保利集团主办，聚焦养老产业全链条，包括养老地产、康养设备、养老服务等领域。
VTN,,食品营养,保健品,保健品,否,保健品,,,,VTN是澳大利亚高端健康品牌购物平台，聚焦营养保健品、护肤品等领域，在银发健康消费市场有布局。
WonderLab,,食品营养,保健品|营养食品,保健品,否,保健品,,,,WonderLab是中国新锐营养品牌，聚焦肠道健康、代餐等产品，在银发健康营养市场有一定布局。
一号护工,一号护工,养老服务,专业护理|居家护理,居家护理,否,居家护理,,,,一号护工是居家养老护理服务平台，提供专业护理员上门服务，涵盖生活照料、医疗护理、康复训练等。
一号护工,一号护工,养老服务,专业护理|居家护理,专业护理,否,专业护理,,,,一号护工是居家养老护理服务平台，提供专业护理员上门服务，涵盖生活照料、医疗护理、康复训练等。
一家依,一家依,养老服务,养老社区|居家护理,居家护理,否,居家护理,,,,一家依是社区居家养老服务平台，提供日间照料、上门护理、老年餐桌等服务，深耕社区场景。
一康,一康,医疗健康|消费品,医疗器械|康复医疗|智能硬件,智能硬件,否,智能硬件,,,,一康是康复医疗设备品牌，专注于智能康复训练设备研发，服务养老机构和社区康复中心。
一龄集团,一龄集团,医疗健康|金融保险,产业资本|健康管理,健康管理,否,健康管理,,,,一龄集团是大健康产业集团，布局生命养护、健康管理、医疗旅游等业务，在银发健康管理领域有深度布局。
一龄集团,一龄集团,医疗健康|金融保险,产业资本|健康管理,产业资本,是,产业资本,健康管理,产业资本为背景标签，真实业务为健康管理（建议移除）,,一龄集团是大健康产业集团，布局生命养护、健康管理、医疗旅游等业务，在银发健康管理领域有深度布局。
万德厨,万德厨,养老服务|消费品,专业护理|智能硬件|适老化,专业护理,否,专业护理,,,,万德厨是适老化厨房解决方案品牌，专注于老年人厨房安全改造、智能厨房设备研发。
万德厨,万德厨,养老服务|消费品,专业护理|智能硬件|适老化,适老化,否,适老化,,,,万德厨是适老化厨房解决方案品牌，专注于老年人厨房安全改造、智能厨房设备研发。
万德厨,万德厨,养老服务|消费品,专业护理|智能硬件|适老化,智能硬件,否,智能硬件,,,,万德厨是适老化厨房解决方案品牌，专注于老年人厨房安全改造、智能厨房设备研发。
三替护理,三替护理,养老服务,专业护理|居家护理,居家护理,否,居家护理,,,,三替护理是居家养老护理服务品牌，提供专业护理员上门、医院陪护、居家照料等服务，深耕浙江市场。
三替护理,三替护理,养老服务,专业护理|居家护理,专业护理,否,专业护理,,,,三替护理是居家养老护理服务品牌，提供专业护理员上门、医院陪护、居家照料等服务，深耕浙江市场。
世道,世道,养老服务,居家护理|适老化,居家护理,否,居家护理,,,,世道（SHIDO）是智能护理床品牌，专注于多功能电动护理床研发制造，产品覆盖养老机构和居家场景。
世道,世道,养老服务,居家护理|适老化,适老化,否,适老化,,,,世道（SHIDO）是智能护理床品牌，专注于多功能电动护理床研发制造，产品覆盖养老机构和居家场景。
中匠福,中匠福,养老服务,居家护理|适老化|适老化改造,居家护理,否,居家护理,,,,中匠福是适老化改造服务品牌，提供居家适老化改造、养老机构装修等一站式解决方案。
中匠福,中匠福,养老服务,居家护理|适老化|适老化改造,适老化,否,适老化,,,,中匠福是适老化改造服务品牌，提供居家适老化改造、养老机构装修等一站式解决方案。
中顺洁柔,中顺洁柔,金融保险,产业资本,产业资本,否,产业资本,,,,中顺洁柔是国内生活用纸龙头品牌，在银发日用品消费市场占据重要地位，已上市。
乐力,乐力,医疗健康|食品营养,保健品|营养食品|认知症,认知症,是,认知症,营养食品,真实业务更贴合营养食品,,乐力是营养保健品品牌，专注钙补充剂和肠道健康产品，在银发保健品市场有广泛认知度。
乐力,乐力,医疗健康|食品营养,保健品|营养食品|认知症,保健品,否,保健品,,,,乐力是营养保健品品牌，专注钙补充剂和肠道健康产品，在银发保健品市场有广泛认知度。
乐唱族,乐唱族,文娱社交,文娱|社交平台,文娱,否,文娱,,,,乐唱族是中老年在线K歌社交平台，提供线上唱歌、交友等娱乐服务。
乐唱族,乐唱族,文娱社交,文娱|社交平台,社交平台,否,社交平台,,,,乐唱族是中老年在线K歌社交平台，提供线上唱歌、交友等娱乐服务。
乐陪护,乐陪护,养老服务,专业护理|居家护理,居家护理,否,居家护理,,,,乐陪护是医院陪护和居家养老护理服务平台，提供专业陪护人员上门服务。
乐陪护,乐陪护,养老服务,专业护理|居家护理,专业护理,否,专业护理,,,,乐陪护是医院陪护和居家养老护理服务平台，提供专业陪护人员上门服务。
乐龄圈,乐龄圈,文娱社交,文娱|社交平台,文娱,否,文娱,,,,乐龄圈是中老年社区社交平台，提供兴趣社交、活动组织和资讯服务。
乐龄圈,乐龄圈,文娱社交,文娱|社交平台,社交平台,否,社交平台,,,,乐龄圈是中老年社区社交平台，提供兴趣社交、活动组织和资讯服务。
云芯信息,云芯信息,养老服务|消费品,适老化改造|智能硬件,智能硬件,否,智能硬件,,,,云芯信息是适老化产品品牌，专注老年人居家环境改造和适老化设备研发。
互邦,互邦,养老服务,适老化,适老化,否,适老化,,,,互邦是康复辅具品牌，专注轮椅、助行器等康复辅助器具研发制造，服务老年和残障人群。
享佳健康,享佳健康,医疗健康|食品营养,保健品|慢病管理,保健品,否,保健品,,,,享佳健康是中老年健康管理服务平台，提供健康咨询、保健品销售和慢病管理服务。
享睡,享睡,医疗健康,健康监测|健康管理,健康管理,否,健康管理,,,,享睡是睡眠健康品牌，专注老年人睡眠监测和睡眠改善产品。
享睡,享睡,医疗健康,健康监测|健康管理,健康监测,否,健康监测,,,,享睡是睡眠健康品牌，专注老年人睡眠监测和睡眠改善产品。
亿芃健康,亿芃健康,养老服务|消费品,智能硬件|适老化,适老化,否,适老化,,,,亿芃健康是康复辅具或适老化设备品牌，为老年人和行动不便人群提供辅助产品。
亿芃健康,亿芃健康,养老服务|消费品,智能硬件|适老化,智能硬件,否,智能硬件,,,,亿芃健康是康复辅具或适老化设备品牌，为老年人和行动不便人群提供辅助产品。
今旭面业,今旭面业,食品营养,保健品,保健品,否,保健品,,,,今旭面业是面食品牌，推出适合老年人消化的营养面条产品线。
仙乐健康,仙乐健康,食品营养,保健品,保健品,否,保健品,,,,仙乐健康是营养保健食品CDMO龙头，为全球品牌提供营养保健品研发和代工服务，在银发营养市场有深度布局，已上市。
伊对,伊对,文娱社交,文娱|相亲|社交平台,文娱,否,文娱,,,,伊对是下沉市场婚恋社交平台，专注视频相亲交友，在中老年单身群体中有较高使用率。
伊对,伊对,文娱社交,文娱|相亲|社交平台,社交平台,否,社交平台,,,,伊对是下沉市场婚恋社交平台，专注视频相亲交友，在中老年单身群体中有较高使用率。
优加健康,优加健康,医疗健康|金融保险,保险|健康管理|慢病管理,健康管理,否,健康管理,,,,优加健康是健康管理平台，提供中老年慢病管理和健康保险服务。
优复门诊,优复门诊,医疗健康|消费品,康复医疗|慢病管理|智能硬件,智能硬件,否,智能硬件,,,,优复门诊是康复医疗连锁机构，提供运动康复、术后康复、老年慢病康复等服务，在上海等一线城市运营。
优必选,优必选,养老服务|智能科技,机器人|适老化,适老化,否,适老化,,,,优必选科技是人形机器人和智能机器人研发商，在养老陪护机器人、康复训练机器人领域有布局，已在港交所上市。
优生活,优生活,食品营养,保健品,保健品,否,保健品,,,,优生活是中老年消费品品牌，专注适合老年人的日常用品和健康食品。
余生幸福,余生幸福,文娱社交,文娱|相亲|社交平台,文娱,否,文娱,,,,余生幸福是中老年婚恋社交平台，专注银发群体的相亲交友服务。
余生幸福,余生幸福,文娱社交,文娱|相亲|社交平台,社交平台,否,社交平台,,,,余生幸福是中老年婚恋社交平台，专注银发群体的相亲交友服务。
佛山建泰,佛山建泰,养老服务,适老化,适老化,否,适老化,,,,佛山建泰是适老化建材品牌，专注防滑地板、无障碍扶手等适老化装修材料。
佛山永爱,佛山永爱,养老服务,适老化|适老化改造,适老化,否,适老化,,,,佛山永爱是适老化家具和养老机构配套设施品牌，为养老机构提供整体适老化空间解决方案。
作为科技,作为科技,养老服务|医疗健康|消费品,健康监测|适老化|智能硬件,健康监测,否,健康监测,,,,作为科技是智能适老化产品研发商，专注防跌倒监测、睡眠监测等智慧养老设备。
作为科技,作为科技,养老服务|医疗健康|消费品,健康监测|适老化|智能硬件,适老化,否,适老化,,,,作为科技是智能适老化产品研发商，专注防跌倒监测、睡眠监测等智慧养老设备。
作为科技,作为科技,养老服务|医疗健康|消费品,健康监测|适老化|智能硬件,智能硬件,否,智能硬件,,,,作为科技是智能适老化产品研发商，专注防跌倒监测、睡眠监测等智慧养老设备。
佰丝堂,佰丝堂,食品营养,保健品,保健品,是,保健品,营养食品,实为营养食品/膳食,,佰丝堂是中医养生品牌，提供中药调理、药膳食疗等传统中医养生服务。
依瑞德,依瑞德,医疗健康|消费品,医疗器械|智能硬件,智能硬件,否,智能硬件,,,,依瑞德是医疗设备品牌，专注经颅磁刺激（TMS）等神经调控设备研发，在老年抑郁、认知障碍治疗领域有应用。
倍益康,倍益康,养老服务|消费品,居家护理|智能硬件,居家护理,是,居家护理,康复医疗,真实业务更贴合康复医疗,,倍益康是康复理疗设备品牌，研发生产颈腰椎牵引设备、理疗仪等产品，服务社区康复和居家康复场景。
倍益康,倍益康,养老服务|消费品,居家护理|智能硬件,智能硬件,否,智能硬件,,,,倍益康是康复理疗设备品牌，研发生产颈腰椎牵引设备、理疗仪等产品，服务社区康复和居家康复场景。
倍轻松,倍轻松,消费品,智能硬件,智能硬件,否,智能硬件,,,,倍轻松是智能健康硬件品牌，专注眼部、颈部、头部按摩器研发制造，在银发健康消费市场有广泛布局，已上市。
健特药业,健特药业,食品营养,保健品,保健品,否,保健品,,,,健特药业是保健品品牌，旗下脑白金是中国最知名的老年保健品之一。
健行仿生,健行仿生,养老服务|康复辅具,外骨骼|适老化,适老化,否,适老化,,,,健行仿生（BionicM）是外骨骼机器人研发商，专注智能假肢和外骨骼产品，帮助老年人和残障人士恢复行动能力。
元气家族,元气家族,食品营养,保健品|营养食品,保健品,否,保健品,,,,元气家族是健康营养品品牌，专注中老年维生素和矿物质补充剂。
兆观,兆观,医疗健康|消费品,健康监测|健康管理|智能硬件,健康管理,否,健康管理,,,,兆观是睡眠监测和呼吸健康设备品牌，专注老年人睡眠呼吸监测产品。
兆观,兆观,医疗健康|消费品,健康监测|健康管理|智能硬件,健康监测,否,健康监测,,,,兆观是睡眠监测和呼吸健康设备品牌，专注老年人睡眠呼吸监测产品。
兆观,兆观,医疗健康|消费品,健康监测|健康管理|智能硬件,智能硬件,否,智能硬件,,,,兆观是睡眠监测和呼吸健康设备品牌，专注老年人睡眠呼吸监测产品。
养乃世家,养乃世家,食品营养,保健品|营养食品,保健品,否,保健品,,,,养乃世家是羊奶品牌，专注中老年配方羊奶粉，在银发营养食品市场有较高知名度。
冬泽,冬泽,食品营养,保健品|营养食品,保健品,否,保健品,,,,冬泽是特殊医学用途配方食品品牌，专注肠内营养液和老年营养补充剂。
凌晴翔,凌晴翔,养老服务|消费品,智能硬件|适老化,适老化,否,适老化,,,,凌晴翔是康复辅具或适老化设备品牌，为老年人和行动不便人群提供辅助产品。
凌晴翔,凌晴翔,养老服务|消费品,智能硬件|适老化,智能硬件,否,智能硬件,,,,凌晴翔是康复辅具或适老化设备品牌，为老年人和行动不便人群提供辅助产品。
动龄健康,动龄健康,文娱社交,文娱|社交平台,文娱,否,文娱,,,,动龄健康是老年运动健康平台，提供适合老年人的运动课程和健康监测服务。
动龄健康,动龄健康,文娱社交,文娱|社交平台,社交平台,否,社交平台,,,,动龄健康是老年运动健康平台，提供适合老年人的运动课程和健康监测服务。
匹奇,匹奇,消费品,智能硬件,智能硬件,否,智能硬件,,,,匹奇是健康器械品牌，专注家用理疗设备、按摩器等银发健康产品。
医护到家,医护到家,养老服务,专业护理|居家护理,居家护理,否,居家护理,,,,医护到家是上门医疗护理服务平台，提供护士上门、护理员上门等服务，专注老年居家医疗需求。
医护到家,医护到家,养老服务,专业护理|居家护理,专业护理,否,专业护理,,,,医护到家是上门医疗护理服务平台，提供护士上门、护理员上门等服务，专注老年居家医疗需求。
千骥资本,千骥资本,金融保险,产业资本,产业资本,否,产业资本,,,,千骥资本是专注医疗健康领域的风险投资基金，在老年医疗、康复护理等银发经济赛道有多个投资布局。
半月浮生,半月浮生,文娱社交,文娱,文娱,否,文娱,,,,半月浮生是中老年文化内容品牌，专注银发群体的兴趣课程和文化产品。
华友健身,华友健身,文娱社交,健身|文娱|社交平台,文娱,否,文娱,,,,华友健身是健身品牌，推出适合老年人的低强度健身课程和运动方案。
华友健身,华友健身,文娱社交,健身|文娱|社交平台,社交平台,否,社交平台,,,,华友健身是健身品牌，推出适合老年人的低强度健身课程和运动方案。
卓牧,卓牧,食品营养,保健品,保健品,否,保健品,,,,卓牧是羊奶品牌，专注中老年配方羊奶产品，在银发乳制品市场有布局。
南京携才,南京携才,养老服务,专业护理|居家护理,居家护理,否,居家护理,,,,南京携才是居家养老服务平台，提供社区养老、居家护理等服务，深耕江苏市场。
南京携才,南京携才,养老服务,专业护理|居家护理,专业护理,否,专业护理,,,,南京携才是居家养老服务平台，提供社区养老、居家护理等服务，深耕江苏市场。
博博科技,博博科技,医疗健康|消费品,健康监测|健康管理|智能硬件,健康管理,否,健康管理,,,,博博科技是智能健康设备研发商，专注老年人跌倒检测和健康监测可穿戴设备。
博博科技,博博科技,医疗健康|消费品,健康监测|健康管理|智能硬件,健康监测,否,健康监测,,,,博博科技是智能健康设备研发商，专注老年人跌倒检测和健康监测可穿戴设备。
博博科技,博博科技,医疗健康|消费品,健康监测|健康管理|智能硬件,智能硬件,否,智能硬件,,,,博博科技是智能健康设备研发商，专注老年人跌倒检测和健康监测可穿戴设备。
博远资本,博远资本,金融保险,产业资本,产业资本,否,产业资本,,,,博远资本是专注医疗健康产业的投资基金，在创新药、医疗器械和老年健康领域有投资布局。
博音,博音,养老服务|消费品,助听器|智能硬件|适老化,适老化,否,适老化,,,,博音是康复辅具或适老化设备品牌，为老年人和行动不便人群提供辅助产品。
博音,博音,养老服务|消费品,助听器|智能硬件|适老化,智能硬件,否,智能硬件,,,,博音是康复辅具或适老化设备品牌，为老年人和行动不便人群提供辅助产品。
厚福,厚福,养老服务|消费品,智能硬件|适老化,适老化,否,适老化,,,,厚福是康复护理设备品牌，专注护理床、康复训练设备等养老机构常用设备制造。
厚福,厚福,养老服务|消费品,智能硬件|适老化,智能硬件,否,智能硬件,,,,厚福是康复护理设备品牌，专注护理床、康复训练设备等养老机构常用设备制造。
友达颐康,友达颐康,养老服务,居家护理|适老化|适老化改造,居家护理,否,居家护理,,,,友达颐康是智慧养老平台，提供社区居家养老信息化管理、健康监测等服务。
友达颐康,友达颐康,养老服务,居家护理|适老化|适老化改造,适老化,否,适老化,,,,友达颐康是智慧养老平台，提供社区居家养老信息化管理、健康监测等服务。
可靠,可靠,养老服务,适老化,适老化,否,适老化,,,,可靠是成人护理用品品牌，专注成人纸尿裤、护理垫等失禁用品，在银发日用品市场占据重要份额。
台格,台格,养老服务,居家护理|适老化,居家护理,否,居家护理,,,,台格是适老化家具品牌，专注养老机构和居家适老化家具设计制造。
台格,台格,养老服务,居家护理|适老化,适老化,否,适老化,,,,台格是适老化家具品牌，专注养老机构和居家适老化家具设计制造。
司羿智能,司羿智能,医疗健康|智能科技|消费品,康复医疗|智能硬件|机器人,智能硬件,否,智能硬件,,,,司羿智能是康复机器人研发商，专注手部康复机器人、下肢外骨骼等产品，服务脑卒中和老年康复患者。
和乐春晖,和乐春晖,养老服务|消费品,适老化改造|智能硬件,智能硬件,否,智能硬件,,,,和乐春晖是适老化产品品牌，专注老年人居家环境改造和适老化设备研发。
和佳医疗,和佳医疗,医疗健康|消费品,医疗器械|康复医疗|智能硬件,智能硬件,否,智能硬件,,,,和佳医疗是医疗设备和医院整体解决方案提供商，在康复医疗和养老设备领域有布局，已上市。
和家健脑,和家健脑,养老服务|医疗健康,养老机构|认知症,认知症,否,认知症,,,,和家健脑是认知训练平台，专注老年人认知衰退筛查和脑健康训练。
品驰,品驰,医疗健康|消费品,医疗器械|康复医疗|智能硬件,智能硬件,否,智能硬件,,,,品驰医疗是脑起搏器（DBS）研发商，专注神经调控医疗器械，在帕金森等老年神经退行性疾病治疗领域处于国产领先地位。
唯艾,唯艾,医疗健康|消费品,健康管理|智能硬件,健康管理,是,健康管理,药品,中医/中药/处方药属药品,,唯艾是中医艾灸健康品牌，提供智能艾灸设备和中医养生服务。
唯艾,唯艾,医疗健康|消费品,健康管理|智能硬件,智能硬件,否,智能硬件,,,,唯艾是中医艾灸健康品牌，提供智能艾灸设备和中医养生服务。
嘉年乐,嘉年乐,养老服务|消费品,适老化改造|智能硬件,智能硬件,否,智能硬件,,,,嘉年乐是适老化产品品牌，专注老年人居家环境改造和适老化设备研发。
国寿大健康,国寿大健康,金融保险,产业资本,产业资本,否,产业资本,,,,国寿大健康是中国人寿旗下大健康产业投资基金，聚焦医疗健康和养老服务领域的股权投资。
国科优选,国科优选,食品营养,保健品,保健品,否,保健品,,,,国科优选是营养保健品品牌，在中老年健康营养市场有布局，提供适合银发人群的保健产品。
夕阳红,夕阳红,养老服务|消费品,智能硬件|适老化,适老化,否,适老化,,,,夕阳红是康复辅具或适老化设备品牌，为老年人和行动不便人群提供辅助产品。
夕阳红,夕阳红,养老服务|消费品,智能硬件|适老化,智能硬件,否,智能硬件,,,,夕阳红是康复辅具或适老化设备品牌，为老年人和行动不便人群提供辅助产品。
天华设计,天华设计,养老服务|消费品,适老化改造|智能硬件,智能硬件,否,智能硬件,,,,天华设计是适老化产品品牌，专注老年人居家环境改造和适老化设备研发。
天合人康,天合人康,食品营养,保健品,保健品,否,保健品,,,,天合人康是营养保健品品牌，在中老年健康营养市场有布局，提供适合银发人群的保健产品。
天壹智慧,天壹智慧,养老服务,专业护理|居家护理,居家护理,否,居家护理,,,,天壹智慧是智慧养老平台，提供养老机构信息化管理和社区居家养老服务系统。
天壹智慧,天壹智慧,养老服务,专业护理|居家护理,专业护理,否,专业护理,,,,天壹智慧是智慧养老平台，提供养老机构信息化管理和社区居家养老服务系统。
天天好,天天好,食品营养,保健品,保健品,否,保健品,,,,天天好是营养保健品品牌，在中老年健康营养市场有布局，提供适合银发人群的保健产品。
天鹅到家,天鹅到家,养老服务,专业护理,专业护理,否,专业护理,,,,天鹅到家（原58到家）是国内最大的家庭服务平台，提供保洁、月嫂、养老护理等上门服务，覆盖全国400+城市。
太保资本,太保资本,金融保险,产业资本,产业资本,否,产业资本,,,,太保资本是中国太保旗下投资管理平台，在养老地产和健康产业领域有战略投资布局。
太爱肽,太爱肽,食品营养,保健品,保健品,否,保健品,,,,太爱肽是营养保健品品牌，在中老年健康营养市场有布局，提供适合银发人群的保健产品。
奥特顺咽,奥特顺咽,养老服务|消费品,智能硬件|适老化,适老化,否,适老化,,,,奥特顺咽是康复辅具或适老化设备品牌，为老年人和行动不便人群提供辅助产品。
奥特顺咽,奥特顺咽,养老服务|消费品,智能硬件|适老化,智能硬件,否,智能硬件,,,,奥特顺咽是康复辅具或适老化设备品牌，为老年人和行动不便人群提供辅助产品。
好孝心,好孝心,食品营养,保健品,保健品,否,保健品,,,,好孝心是营养保健品品牌，在中老年健康营养市场有布局，提供适合银发人群的保健产品。
好慷在家,好慷在家,养老服务,专业护理|居家护理,居家护理,否,居家护理,,,,好慷在家是高端家庭保洁服务品牌，提供标准化上门保洁服务，同时涉足居家养老护理领域。
好慷在家,好慷在家,养老服务,专业护理|居家护理,专业护理,否,专业护理,,,,好慷在家是高端家庭保洁服务品牌，提供标准化上门保洁服务，同时涉足居家养老护理领域。
如身机器人,如身机器人,医疗健康|消费品,康复医疗|智能硬件,智能硬件,否,智能硬件,,,,如身机器人专注康复训练机器人研发，为老年康复和运动损伤恢复提供智能化康复设备。
孝当先,孝当先,食品营养,保健品,保健品,否,保健品,,,,孝当先是营养保健品品牌，在中老年健康营养市场有布局，提供适合银发人群的保健产品。
孝心坊,孝心坊,食品营养,保健品,保健品,否,保健品,,,,孝心坊是营养保健品品牌，在中老年健康营养市场有布局，提供适合银发人群的保健产品。
安康通,安康通,养老服务,专业护理|居家护理,居家护理,否,居家护理,,,,安康通是国内综合养老运营标杆企业，成立于1998年，2013年加入三胞集团，提供智慧居家养老服务，拥有自主运营的智慧养老
安康通,安康通,养老服务,专业护理|居家护理,专业护理,否,专业护理,,,,安康通是国内综合养老运营标杆企业，成立于1998年，2013年加入三胞集团，提供智慧居家养老服务，拥有自主运营的智慧养老
安泰康成,安泰康成,医疗健康|消费品,医疗器械|智能硬件,智能硬件,否,智能硬件,,,,安泰康成是康复医疗设备品牌，专注心肺康复和老年慢病康复设备研发。
安馨康养,安馨康养,养老服务|消费品,适老化改造|智能硬件,智能硬件,否,智能硬件,,,,安馨康养是适老化产品品牌，专注老年人居家环境改造和适老化设备研发。
完美亲家,完美亲家,文娱社交,文娱|相亲|社交平台,文娱,否,文娱,,,,完美亲家是中老年婚恋相亲平台，专注为子女父母提供相亲匹配服务。
完美亲家,完美亲家,文娱社交,文娱|相亲|社交平台,社交平台,否,社交平台,,,,完美亲家是中老年婚恋相亲平台，专注为子女父母提供相亲匹配服务。
家瑞康,家瑞康,养老服务|消费品,智能硬件|适老化,适老化,否,适老化,,,,家瑞康是康复辅具或适老化设备品牌，为老年人和行动不便人群提供辅助产品。
家瑞康,家瑞康,养老服务|消费品,智能硬件|适老化,智能硬件,否,智能硬件,,,,家瑞康是康复辅具或适老化设备品牌，为老年人和行动不便人群提供辅助产品。
富伯医疗,富伯医疗,医疗健康|消费品,医疗器械|康复医疗|智能硬件,智能硬件,否,智能硬件,,,,富伯医疗是康复医疗器械品牌，研发生产康复训练设备和物理治疗设备。
寻缘树,寻缘树,文娱社交,文娱|相亲|社交平台,文娱,否,文娱,,,,寻缘树是中老年婚恋社交平台，提供线上匹配和线下相亲活动。
寻缘树,寻缘树,文娱社交,文娱|相亲|社交平台,社交平台,否,社交平台,,,,寻缘树是中老年婚恋社交平台，提供线上匹配和线下相亲活动。
寿仙谷,寿仙谷,食品营养,保健品,保健品,否,保健品,,,,寿仙谷是营养保健品品牌，在中老年健康营养市场有布局，提供适合银发人群的保健产品。
尊术医疗,尊术医疗,养老服务|医疗健康,专业护理|慢病管理,专业护理,否,专业护理,,,,尊术医疗是专科医疗服务品牌，在老年慢病管理和康复医疗领域有布局。
小V助浴,小V助浴,养老服务,专业护理,专业护理,否,专业护理,,,,小V助浴是老年人上门助浴服务品牌，解决失能半失能老人洗澡难题。
小柏家护,小柏家护,养老服务,专业护理|居家护理,居家护理,否,居家护理,,,,小柏家护是居家养老护理平台，提供专业护理员上门服务，涵盖生活照料和医疗护理。
小柏家护,小柏家护,养老服务,专业护理|居家护理,专业护理,否,专业护理,,,,小柏家护是居家养老护理平台，提供专业护理员上门服务，涵盖生活照料和医疗护理。
小飞哥,小飞哥,养老服务|消费品,智能硬件|适老化,适老化,否,适老化,,,,小飞哥是康复辅具或适老化设备品牌，为老年人和行动不便人群提供辅助产品。
小飞哥,小飞哥,养老服务|消费品,智能硬件|适老化,智能硬件,否,智能硬件,,,,小飞哥是康复辅具或适老化设备品牌，为老年人和行动不便人群提供辅助产品。
尚体乐活,尚体乐活,文娱社交,健身|文娱|社交平台,文娱,否,文娱,,,,尚体乐活是老年运动健康品牌，提供适合老年人的运动器材和健身课程。
尚体乐活,尚体乐活,文娱社交,健身|文娱|社交平台,社交平台,否,社交平台,,,,尚体乐活是老年运动健康品牌，提供适合老年人的运动器材和健身课程。
就爱广场舞,就爱广场舞,文娱社交,文娱|社交平台,文娱,否,文娱,,,,就爱广场舞是中老年广场舞社区平台，提供广场舞教学视频、社交互动等服务，用户超千万。
就爱广场舞,就爱广场舞,文娱社交,文娱|社交平台,社交平台,否,社交平台,,,,就爱广场舞是中老年广场舞社区平台，提供广场舞教学视频、社交互动等服务，用户超千万。
左点,左点,消费品,智能硬件,智能硬件,否,智能硬件,,,,左点是银发经济领域行业服务商，为养老产业提供相关产品或服务。
巨贸康万家,巨贸康万家,养老服务|消费品,智能硬件|适老化,适老化,否,适老化,,,,巨贸康万家是康复辅具或适老化设备品牌，为老年人和行动不便人群提供辅助产品。
巨贸康万家,巨贸康万家,养老服务|消费品,智能硬件|适老化,智能硬件,否,智能硬件,,,,巨贸康万家是康复辅具或适老化设备品牌，为老年人和行动不便人群提供辅助产品。
希润医疗,希润医疗,医疗健康|消费品,医疗器械|康复医疗|智能硬件,智能硬件,否,智能硬件,,,,希润医疗是康复医疗器械品牌，专注老年康复和神经康复设备研发制造。
康乐龄,康乐龄,养老服务|消费品,智能硬件|适老化,适老化,否,适老化,,,,康乐龄是康复辅具或适老化设备品牌，为老年人和行动不便人群提供辅助产品。
康乐龄,康乐龄,养老服务|消费品,智能硬件|适老化,智能硬件,否,智能硬件,,,,康乐龄是康复辅具或适老化设备品牌，为老年人和行动不便人群提供辅助产品。
康力元,康力元,养老服务|消费品,智能硬件|适老化,适老化,否,适老化,,,,康力元是康复辅具或适老化设备品牌，为老年人和行动不便人群提供辅助产品。
康力元,康力元,养老服务|消费品,智能硬件|适老化,智能硬件,否,智能硬件,,,,康力元是康复辅具或适老化设备品牌，为老年人和行动不便人群提供辅助产品。
康复之家,康复之家,养老服务,适老化,适老化,否,适老化,,,,康复之家是银发经济领域行业服务商，为养老产业提供相关产品或服务。
康德宝,康德宝,养老服务|消费品,智能硬件|适老化,适老化,否,适老化,,,,康德宝是康复辅具或适老化设备品牌，为老年人和行动不便人群提供辅助产品。
康德宝,康德宝,养老服务|消费品,智能硬件|适老化,智能硬件,否,智能硬件,,,,康德宝是康复辅具或适老化设备品牌，为老年人和行动不便人群提供辅助产品。
康政,康政,养老服务|消费品,智能硬件|适老化,适老化,否,适老化,,,,康政是康复辅具或适老化设备品牌，为老年人和行动不便人群提供辅助产品。
康政,康政,养老服务|消费品,智能硬件|适老化,智能硬件,否,智能硬件,,,,康政是康复辅具或适老化设备品牌，为老年人和行动不便人群提供辅助产品。
康林仁和,康林仁和,食品营养,保健品,保健品,否,保健品,,,,康林仁和是银发经济领域行业服务商，为养老产业提供相关产品或服务。
康比特,康比特,食品营养,保健品,保健品,否,保健品,,,,康比特是营养保健品品牌，在中老年健康营养市场有布局，提供适合银发人群的保健产品。
康爱医疗,康爱医疗,医疗健康|消费品,康复医疗|慢病管理|智能硬件,智能硬件,否,智能硬件,,,,康爱医疗是肿瘤康复和老年慢病管理服务平台，提供术后康复、营养支持和心理干预等综合服务。
康语轩,康语轩,养老服务|医疗健康,养老机构|认知症,认知症,否,认知症,,,,康语轩是认知症照护机构品牌，引入日式认知症专业照护理念，运营认知症护理机构。
彭世,彭世,医疗健康,健康管理,健康管理,否,健康管理,,,,彭世是足浴养生连锁品牌，在中老年养生保健市场有广泛布局。
得印科技,得印科技,养老服务|消费品,智能硬件|适老化,适老化,否,适老化,,,,得印科技是康复辅具或适老化设备品牌，为老年人和行动不便人群提供辅助产品。
得印科技,得印科技,养老服务|消费品,智能硬件|适老化,智能硬件,否,智能硬件,,,,得印科技是康复辅具或适老化设备品牌，为老年人和行动不便人群提供辅助产品。
德林,德林,养老服务|消费品,智能硬件|适老化,适老化,否,适老化,,,,德林是康复辅具或适老化设备品牌，为老年人和行动不便人群提供辅助产品。
德林,德林,养老服务|消费品,智能硬件|适老化,智能硬件,否,智能硬件,,,,德林是康复辅具或适老化设备品牌，为老年人和行动不便人群提供辅助产品。
心乐空间,心乐空间,文娱社交,文娱|社交平台,文娱,否,文娱,,,,心乐空间是中老年社交娱乐平台，为银发群体提供社交互动和兴趣社区服务。
心乐空间,心乐空间,文娱社交,文娱|社交平台,社交平台,否,社交平台,,,,心乐空间是中老年社交娱乐平台，为银发群体提供社交互动和兴趣社区服务。
心永科技,心永科技,医疗健康|消费品,健康管理|智能硬件,健康管理,否,健康管理,,,,心永科技是心血管健康监测品牌，专注老年人血压、心电等智能监测设备。
心永科技,心永科技,医疗健康|消费品,健康管理|智能硬件,智能硬件,否,智能硬件,,,,心永科技是心血管健康监测品牌，专注老年人血压、心电等智能监测设备。
志贺康养,志贺康养,养老服务|消费品,适老化改造|智能硬件,智能硬件,否,智能硬件,,,,志贺康养是适老化产品品牌，专注老年人居家环境改造和适老化设备研发。
怡和嘉业,怡和嘉业,养老服务|消费品,智能硬件|适老化,适老化,否,适老化,,,,怡和嘉业是康复辅具或适老化设备品牌，为老年人和行动不便人群提供辅助产品。
怡和嘉业,怡和嘉业,养老服务|消费品,智能硬件|适老化,智能硬件,否,智能硬件,,,,怡和嘉业是康复辅具或适老化设备品牌，为老年人和行动不便人群提供辅助产品。
恩德莱,恩德莱,养老服务|消费品,智能硬件|适老化,适老化,否,适老化,,,,恩德莱是康复辅具或适老化设备品牌，为老年人和行动不便人群提供辅助产品。
恩德莱,恩德莱,养老服务|消费品,智能硬件|适老化,智能硬件,否,智能硬件,,,,恩德莱是康复辅具或适老化设备品牌，为老年人和行动不便人群提供辅助产品。
悠幸,悠幸,养老服务|消费品,适老化改造|智能硬件,智能硬件,否,智能硬件,,,,悠幸是适老化产品品牌，专注老年人居家环境改造和适老化设备研发。
慢糖家,慢糖家,食品营养,保健品,保健品,否,保健品,,,,慢糖家是营养保健品品牌，在中老年健康营养市场有布局，提供适合银发人群的保健产品。
成家相亲,成家相亲,文娱社交,文娱|相亲|社交平台,文娱,否,文娱,,,,成家相亲是中老年社交娱乐平台，为银发群体提供社交互动和兴趣社区服务。
成家相亲,成家相亲,文娱社交,文娱|相亲|社交平台,社交平台,否,社交平台,,,,成家相亲是中老年社交娱乐平台，为银发群体提供社交互动和兴趣社区服务。
戴恩,戴恩,养老服务,专业护理|居家护理,居家护理,否,居家护理,,,,戴恩是专业护理服务品牌，提供居家养老护理、医疗护理等上门服务。
戴恩,戴恩,养老服务,专业护理|居家护理,专业护理,否,专业护理,,,,戴恩是专业护理服务品牌，提供居家养老护理、医疗护理等上门服务。
护卫神,护卫神,养老服务|消费品,智能硬件|适老化,适老化,否,适老化,,,,护卫神是康复辅具或适老化设备品牌，为老年人和行动不便人群提供辅助产品。
护卫神,护卫神,养老服务|消费品,智能硬件|适老化,智能硬件,否,智能硬件,,,,护卫神是康复辅具或适老化设备品牌，为老年人和行动不便人群提供辅助产品。
振邦,振邦,养老服务|消费品,智能硬件|适老化,适老化,否,适老化,,,,振邦是康复辅具或适老化设备品牌，为老年人和行动不便人群提供辅助产品。
振邦,振邦,养老服务|消费品,智能硬件|适老化,智能硬件,否,智能硬件,,,,振邦是康复辅具或适老化设备品牌，为老年人和行动不便人群提供辅助产品。
摩登银龄,摩登银龄,文娱社交,文娱,文娱,否,文娱,,,,摩登银龄是银发经济领域行业服务商，为养老产业提供相关产品或服务。
擎浩护理,擎浩护理,养老服务,专业护理|居家护理,居家护理,否,居家护理,,,,擎浩护理是专业护理服务品牌，提供居家养老护理、医疗护理等上门服务。
擎浩护理,擎浩护理,养老服务,专业护理|居家护理,专业护理,否,专业护理,,,,擎浩护理是专业护理服务品牌，提供居家养老护理、医疗护理等上门服务。
救救帮,救救帮,养老服务|消费品,适老化改造|智能硬件,智能硬件,否,智能硬件,,,,救救帮是适老化产品品牌，专注老年人居家环境改造和适老化设备研发。
斯维驰,斯维驰,养老服务|消费品,智能硬件|适老化,适老化,否,适老化,,,,斯维驰是康复辅具或适老化设备品牌，为老年人和行动不便人群提供辅助产品。
斯维驰,斯维驰,养老服务|消费品,智能硬件|适老化,智能硬件,否,智能硬件,,,,斯维驰是康复辅具或适老化设备品牌，为老年人和行动不便人群提供辅助产品。
方家铺子,方家铺子,食品营养,保健品,保健品,否,保健品,,,,方家铺子是营养保健品品牌，在中老年健康营养市场有布局，提供适合银发人群的保健产品。
时光派,时光派,食品营养,保健品,保健品,否,保健品,,,,时光派是营养保健品品牌，在中老年健康营养市场有布局，提供适合银发人群的保健产品。
时尚奶奶团,时尚奶奶团,文娱社交,文娱,文娱,否,文娱,,,,时尚奶奶团是银发经济领域行业服务商，为养老产业提供相关产品或服务。
易乐车业,易乐车业,养老服务|消费品,智能硬件|适老化,适老化,否,适老化,,,,易乐车业是康复辅具或适老化设备品牌，为老年人和行动不便人群提供辅助产品。
易乐车业,易乐车业,养老服务|消费品,智能硬件|适老化,智能硬件,否,智能硬件,,,,易乐车业是康复辅具或适老化设备品牌，为老年人和行动不便人群提供辅助产品。
星巡智能,星巡智能,医疗健康,健康管理,健康管理,否,健康管理,,,,星巡智能是智能家居品牌，为老年家庭提供智能安防和环境监测方案。
普健济康,普健济康,金融保险,产业资本,产业资本,否,产业资本,,,,普健济康是关注银发经济赛道的投资机构，在医疗健康和养老产业有投资布局。
景昱,景昱,医疗健康|消费品,康复医疗|智能硬件,智能硬件,否,智能硬件,,,,景昱是康复医疗品牌，提供老年康复训练、物理治疗等康复服务或设备。
晶彩人生,晶彩人生,文娱社交,文娱|社交平台,文娱,否,文娱,,,,晶彩人生是中老年社交娱乐平台，为银发群体提供社交互动和兴趣社区服务。
晶彩人生,晶彩人生,文娱社交,文娱|社交平台,社交平台,否,社交平台,,,,晶彩人生是中老年社交娱乐平台，为银发群体提供社交互动和兴趣社区服务。
智云健康,智云健康,医疗健康,健康管理|慢病管理,健康管理,是,健康管理,慢病管理,糖尿病/慢病属慢病管理,,智云健康是国内最大的慢病管理平台，聚焦糖尿病等慢性病管理，为医院和患者提供数字化慢病管理SaaS服务，已上市。
智听,智听,养老服务|消费品,助听器|智能硬件|适老化,适老化,否,适老化,,,,智听是康复辅具或适老化设备品牌，为老年人和行动不便人群提供辅助产品。
智听,智听,养老服务|消费品,助听器|智能硬件|适老化,智能硬件,否,智能硬件,,,,智听是康复辅具或适老化设备品牌，为老年人和行动不便人群提供辅助产品。
智宇孝老,智宇孝老,养老服务,专业护理|居家护理,居家护理,否,居家护理,,,,智宇孝老是专业护理服务品牌，提供居家养老护理、医疗护理等上门服务。
智宇孝老,智宇孝老,养老服务,专业护理|居家护理,专业护理,否,专业护理,,,,智宇孝老是专业护理服务品牌，提供居家养老护理、医疗护理等上门服务。
最美芳华,最美芳华,文娱社交,文娱,文娱,否,文娱,,,,最美芳华是银发经济领域行业服务商，为养老产业提供相关产品或服务。
月神,月神,食品营养,保健品,保健品,否,保健品,,,,月神是营养保健品品牌，在中老年健康营养市场有布局，提供适合银发人群的保健产品。
来邦科技,来邦科技,养老服务|消费品,适老化改造|智能硬件,智能硬件,否,智能硬件,,,,来邦科技是适老化产品品牌，专注老年人居家环境改造和适老化设备研发。
柏老汇,柏老汇,养老服务,专业护理|居家护理,居家护理,否,居家护理,,,,柏老汇是专业护理服务品牌，提供居家养老护理、医疗护理等上门服务。
柏老汇,柏老汇,养老服务,专业护理|居家护理,专业护理,否,专业护理,,,,柏老汇是专业护理服务品牌，提供居家养老护理、医疗护理等上门服务。
栈道资本,栈道资本,金融保险,产业资本,产业资本,否,产业资本,,,,栈道资本是关注银发经济赛道的投资机构，在医疗健康和养老产业有投资布局。
栖城设计,栖城设计,养老服务|消费品,适老化改造|智能硬件,智能硬件,否,智能硬件,,,,栖城设计是适老化产品品牌，专注老年人居家环境改造和适老化设备研发。
森梅医疗,森梅医疗,医疗健康,健康管理,健康管理,否,健康管理,,,,森梅医疗是健康养生品牌，为银发人群提供健康管理或养生保健产品和服务。
森美,森美,食品营养,保健品,保健品,否,保健品,,,,森美是营养保健品品牌，在中老年健康营养市场有布局，提供适合银发人群的保健产品。
楼上,楼上,食品营养,保健品,保健品,否,保健品,,,,楼上是营养保健品品牌，在中老年健康营养市场有布局，提供适合银发人群的保健产品。
正奇智能,正奇智能,养老服务|消费品,智能硬件|适老化,适老化,否,适老化,,,,正奇智能是康复辅具或适老化设备品牌，为老年人和行动不便人群提供辅助产品。
正奇智能,正奇智能,养老服务|消费品,智能硬件|适老化,智能硬件,否,智能硬件,,,,正奇智能是康复辅具或适老化设备品牌，为老年人和行动不便人群提供辅助产品。
每日的菌,每日的菌,食品营养,保健品,保健品,否,保健品,,,,每日的菌是营养保健品品牌，在中老年健康营养市场有布局，提供适合银发人群的保健产品。
永福康,永福康,养老服务|消费品,智能硬件|适老化,适老化,否,适老化,,,,永福康是康复辅具或适老化设备品牌，为老年人和行动不便人群提供辅助产品。
永福康,永福康,养老服务|消费品,智能硬件|适老化,智能硬件,否,智能硬件,,,,永福康是康复辅具或适老化设备品牌，为老年人和行动不便人群提供辅助产品。
江南米道,江南米道,食品营养,保健品,保健品,否,保健品,,,,江南米道是营养保健品品牌，在中老年健康营养市场有布局，提供适合银发人群的保健产品。
沐恒实业,沐恒实业,养老服务|消费品,适老化改造|智能硬件,智能硬件,否,智能硬件,,,,沐恒实业是适老化产品品牌，专注老年人居家环境改造和适老化设备研发。
泰一健康,泰一健康,食品营养,保健品,保健品,否,保健品,,,,泰一健康是营养保健品品牌，在中老年健康营养市场有布局，提供适合银发人群的保健产品。
泰康安宁疗护,泰康安宁疗护,养老服务|医疗健康,专业护理|临终关怀|居家护理,居家护理,否,居家护理,,,,泰康安宁疗护是专业护理服务品牌，提供居家养老护理、医疗护理等上门服务。
泰康安宁疗护,泰康安宁疗护,养老服务|医疗健康,专业护理|临终关怀|居家护理,专业护理,否,专业护理,,,,泰康安宁疗护是专业护理服务品牌，提供居家养老护理、医疗护理等上门服务。
泰心康护,泰心康护,养老服务,专业护理|居家护理,居家护理,否,居家护理,,,,泰心康护是专业护理服务品牌，提供居家养老护理、医疗护理等上门服务。
泰心康护,泰心康护,养老服务,专业护理|居家护理,专业护理,否,专业护理,,,,泰心康护是专业护理服务品牌，提供居家养老护理、医疗护理等上门服务。
泽普医疗,泽普医疗,医疗健康|消费品,康复医疗|智能硬件,智能硬件,否,智能硬件,,,,泽普医疗是康复医疗品牌，提供老年康复训练、物理治疗等康复服务或设备。
深纳普思,深纳普思,医疗健康,健康管理,健康管理,否,健康管理,,,,深纳普思是健康养生品牌，为银发人群提供健康管理或养生保健产品和服务。
添康,添康,养老服务|消费品,智能硬件|适老化,适老化,否,适老化,,,,添康是康复辅具或适老化设备品牌，为老年人和行动不便人群提供辅助产品。
添康,添康,养老服务|消费品,智能硬件|适老化,智能硬件,否,智能硬件,,,,添康是康复辅具或适老化设备品牌，为老年人和行动不便人群提供辅助产品。
温州康宁,温州康宁,医疗健康|消费品,康复医疗|智能硬件,智能硬件,否,智能硬件,,,,温州康宁是康复医疗品牌，提供老年康复训练、物理治疗等康复服务或设备。
爱侬养老,爱侬养老,养老服务,专业护理|居家护理,居家护理,否,居家护理,,,,爱侬养老是专业护理服务品牌，提供居家养老护理、医疗护理等上门服务。
爱侬养老,爱侬养老,养老服务,专业护理|居家护理,专业护理,否,专业护理,,,,爱侬养老是专业护理服务品牌，提供居家养老护理、医疗护理等上门服务。
爱可声,爱可声,养老服务|消费品,助听器|智能硬件|适老化,适老化,否,适老化,,,,爱可声是康复辅具或适老化设备品牌，为老年人和行动不便人群提供辅助产品。
爱可声,爱可声,养老服务|消费品,助听器|智能硬件|适老化,智能硬件,否,智能硬件,,,,爱可声是康复辅具或适老化设备品牌，为老年人和行动不便人群提供辅助产品。
爱牵挂,爱牵挂,养老服务|消费品,适老化改造|智能硬件,智能硬件,否,智能硬件,,,,爱牵挂是适老化产品品牌，专注老年人居家环境改造和适老化设备研发。
爱舒乐,爱舒乐,养老服务|消费品,智能硬件|适老化,适老化,否,适老化,,,,爱舒乐是康复辅具或适老化设备品牌，为老年人和行动不便人群提供辅助产品。
爱舒乐,爱舒乐,养老服务|消费品,智能硬件|适老化,智能硬件,否,智能硬件,,,,爱舒乐是康复辅具或适老化设备品牌，为老年人和行动不便人群提供辅助产品。
爱风尚,爱风尚,文娱社交,文娱|社交平台,文娱,否,文娱,,,,爱风尚是中老年社交娱乐平台，为银发群体提供社交互动和兴趣社区服务。
爱风尚,爱风尚,文娱社交,文娱|社交平台,社交平台,否,社交平台,,,,爱风尚是中老年社交娱乐平台，为银发群体提供社交互动和兴趣社区服务。
玖益,玖益,养老服务|消费品,助听器|智能硬件|适老化,适老化,否,适老化,,,,玖益是康复辅具或适老化设备品牌，为老年人和行动不便人群提供辅助产品。
玖益,玖益,养老服务|消费品,助听器|智能硬件|适老化,智能硬件,否,智能硬件,,,,玖益是康复辅具或适老化设备品牌，为老年人和行动不便人群提供辅助产品。
玛士撒拉,玛士撒拉,食品营养,保健品,保健品,否,保健品,,,,玛士撒拉是营养保健品品牌，在中老年健康营养市场有布局，提供适合银发人群的保健产品。
瑞光康泰,瑞光康泰,医疗健康,健康管理,健康管理,否,健康管理,,,,瑞光康泰是健康养生品牌，为银发人群提供健康管理或养生保健产品和服务。
瑞尔齿科,瑞尔齿科,养老服务|消费品,智能硬件|适老化,适老化,否,适老化,,,,瑞尔齿科是康复辅具或适老化设备品牌，为老年人和行动不便人群提供辅助产品。
瑞尔齿科,瑞尔齿科,养老服务|消费品,智能硬件|适老化,智能硬件,否,智能硬件,,,,瑞尔齿科是康复辅具或适老化设备品牌，为老年人和行动不便人群提供辅助产品。
瑞邦,瑞邦,食品营养,保健品,保健品,否,保健品,,,,瑞邦是营养保健品品牌，在中老年健康营养市场有布局，提供适合银发人群的保健产品。
百合康,百合康,食品营养,保健品,保健品,否,保健品,,,,百合康是营养保健品品牌，在中老年健康营养市场有布局，提供适合银发人群的保健产品。
百合生物,百合生物,食品营养,保健品,保健品,否,保健品,,,,百合生物是营养保健品品牌，在中老年健康营养市场有布局，提供适合银发人群的保健产品。
百善药业,百善药业,食品营养,保健品,保健品,否,保健品,,,,百善药业是营养保健品品牌，在中老年健康营养市场有布局，提供适合银发人群的保健产品。
百年红,百年红,养老服务|消费品,智能硬件|适老化,适老化,否,适老化,,,,百年红是康复辅具或适老化设备品牌，为老年人和行动不便人群提供辅助产品。
百年红,百年红,养老服务|消费品,智能硬件|适老化,智能硬件,否,智能硬件,,,,百年红是康复辅具或适老化设备品牌，为老年人和行动不便人群提供辅助产品。
皮皮熊,皮皮熊,养老服务|消费品,智能硬件|适老化,适老化,否,适老化,,,,皮皮熊是康复辅具或适老化设备品牌，为老年人和行动不便人群提供辅助产品。
皮皮熊,皮皮熊,养老服务|消费品,智能硬件|适老化,智能硬件,否,智能硬件,,,,皮皮熊是康复辅具或适老化设备品牌，为老年人和行动不便人群提供辅助产品。
盈康生命,盈康生命,医疗健康|消费品,康复医疗|智能硬件,智能硬件,否,智能硬件,,,,盈康生命是康复医疗品牌，提供老年康复训练、物理治疗等康复服务或设备。
益生康健,益生康健,食品营养,保健品,保健品,否,保健品,,,,益生康健是银发经济领域行业服务商，为养老产业提供相关产品或服务。
盛美诺,盛美诺,食品营养,保健品,保健品,否,保健品,,,,盛美诺是营养保健品品牌，在中老年健康营养市场有布局，提供适合银发人群的保健产品。
盛通养老,盛通养老,养老服务|消费品,适老化改造|智能硬件,智能硬件,否,智能硬件,,,,盛通养老是适老化产品品牌，专注老年人居家环境改造和适老化设备研发。
知识矩阵,知识矩阵,食品营养,保健品,保健品,否,保健品,,,,知识矩阵是营养保健品品牌，在中老年健康营养市场有布局，提供适合银发人群的保健产品。
硅基仿生,硅基仿生,医疗健康,健康管理,健康管理,否,健康管理,,,,硅基仿生是健康养生品牌，为银发人群提供健康管理或养生保健产品和服务。
神探伍伍,神探伍伍,食品营养,保健品,保健品,否,保健品,,,,神探伍伍是营养保健品品牌，在中老年健康营养市场有布局，提供适合银发人群的保健产品。
祥和,祥和,养老服务|消费品,智能硬件|适老化,适老化,否,适老化,,,,祥和是康复辅具或适老化设备品牌，为老年人和行动不便人群提供辅助产品。
祥和,祥和,养老服务|消费品,智能硬件|适老化,智能硬件,否,智能硬件,,,,祥和是康复辅具或适老化设备品牌，为老年人和行动不便人群提供辅助产品。
票圈视频,票圈视频,文娱社交,文娱,文娱,否,文娱,,,,票圈视频是银发经济领域行业服务商，为养老产业提供相关产品或服务。
福东海,福东海,食品营养,保健品,保健品,否,保健品,,,,福东海是营养保健品品牌，在中老年健康营养市场有布局，提供适合银发人群的保健产品。
福仕得,福仕得,养老服务|消费品,智能硬件|适老化,适老化,否,适老化,,,,福仕得是康复辅具或适老化设备品牌，为老年人和行动不便人群提供辅助产品。
福仕得,福仕得,养老服务|消费品,智能硬件|适老化,智能硬件,否,智能硬件,,,,福仕得是康复辅具或适老化设备品牌，为老年人和行动不便人群提供辅助产品。
福佑,福佑,养老服务|消费品,智能硬件|适老化,适老化,否,适老化,,,,福佑是康复辅具或适老化设备品牌，为老年人和行动不便人群提供辅助产品。
福佑,福佑,养老服务|消费品,智能硬件|适老化,智能硬件,否,智能硬件,,,,福佑是康复辅具或适老化设备品牌，为老年人和行动不便人群提供辅助产品。
福寿家,福寿家,养老服务,专业护理|居家护理,居家护理,否,居家护理,,,,福寿家是专业护理服务品牌，提供居家养老护理、医疗护理等上门服务。
福寿家,福寿家,养老服务,专业护理|居家护理,专业护理,否,专业护理,,,,福寿家是专业护理服务品牌，提供居家养老护理、医疗护理等上门服务。
福康通,福康通,养老服务|消费品,适老化改造|智能硬件,智能硬件,否,智能硬件,,,,福康通是适老化产品品牌，专注老年人居家环境改造和适老化设备研发。
立奇电子,立奇电子,养老服务,专业护理|居家护理,居家护理,否,居家护理,,,,立奇电子是专业护理服务品牌，提供居家养老护理、医疗护理等上门服务。
立奇电子,立奇电子,养老服务,专业护理|居家护理,专业护理,否,专业护理,,,,立奇电子是专业护理服务品牌，提供居家养老护理、医疗护理等上门服务。
粤嘉康,粤嘉康,食品营养,保健品,保健品,否,保健品,,,,粤嘉康是银发经济领域行业服务商，为养老产业提供相关产品或服务。
糖友饱饱,糖友饱饱,食品营养,保健品,保健品,否,保健品,,,,糖友饱饱是营养保健品品牌，在中老年健康营养市场有布局，提供适合银发人群的保健产品。
糖豆,糖豆,文娱社交,文娱|社交平台,文娱,否,文娱,,,,糖豆是中老年社交娱乐平台，为银发群体提供社交互动和兴趣社区服务。
糖豆,糖豆,文娱社交,文娱|社交平台,社交平台,否,社交平台,,,,糖豆是中老年社交娱乐平台，为银发群体提供社交互动和兴趣社区服务。
纽崔莱,纽崔莱,食品营养,保健品,保健品,否,保健品,,,,纽崔莱是营养保健品品牌，在中老年健康营养市场有布局，提供适合银发人群的保健产品。
维达,维达,养老服务|消费品,智能硬件|适老化,适老化,否,适老化,,,,维达是康复辅具或适老化设备品牌，为老年人和行动不便人群提供辅助产品。
维达,维达,养老服务|消费品,智能硬件|适老化,智能硬件,否,智能硬件,,,,维达是康复辅具或适老化设备品牌，为老年人和行动不便人群提供辅助产品。
绿瘦,绿瘦,食品营养,保健品,保健品,否,保健品,,,,绿瘦是营养保健品品牌，在中老年健康营养市场有布局，提供适合银发人群的保健产品。
美丽岛,美丽岛,养老服务|消费品,智能硬件|适老化,适老化,否,适老化,,,,美丽岛是康复辅具或适老化设备品牌，为老年人和行动不便人群提供辅助产品。
美丽岛,美丽岛,养老服务|消费品,智能硬件|适老化,智能硬件,否,智能硬件,,,,美丽岛是康复辅具或适老化设备品牌，为老年人和行动不便人群提供辅助产品。
美呀植牙,美呀植牙,养老服务|消费品,智能硬件|适老化,适老化,否,适老化,,,,美呀植牙是康复辅具或适老化设备品牌，为老年人和行动不便人群提供辅助产品。
美呀植牙,美呀植牙,养老服务|消费品,智能硬件|适老化,智能硬件,否,智能硬件,,,,美呀植牙是康复辅具或适老化设备品牌，为老年人和行动不便人群提供辅助产品。
美瑞德,美瑞德,养老服务|消费品,智能硬件|适老化,适老化,否,适老化,,,,美瑞德是康复辅具或适老化设备品牌，为老年人和行动不便人群提供辅助产品。
美瑞德,美瑞德,养老服务|消费品,智能硬件|适老化,智能硬件,否,智能硬件,,,,美瑞德是康复辅具或适老化设备品牌，为老年人和行动不便人群提供辅助产品。
美邸中国,美邸中国,养老服务|医疗健康,养老机构|认知症,认知症,否,认知症,,,,美邸（Mederith）是日本知名养老服务品牌的中国分支，运营高端认知症照护机构，引入日式精细化照护理念。
老友记,老友记,养老服务,专业护理|居家护理,居家护理,否,居家护理,,,,老友记是专业护理服务品牌，提供居家养老护理、医疗护理等上门服务。
老友记,老友记,养老服务,专业护理|居家护理,专业护理,否,专业护理,,,,老友记是专业护理服务品牌，提供居家养老护理、医疗护理等上门服务。
老年人才网,老年人才网,文娱社交,文娱|社交平台,文娱,否,文娱,,,,老年人才网是中老年社交娱乐平台，为银发群体提供社交互动和兴趣社区服务。
老年人才网,老年人才网,文娱社交,文娱|社交平台,社交平台,否,社交平台,,,,老年人才网是中老年社交娱乐平台，为银发群体提供社交互动和兴趣社区服务。
老来寿,老来寿,食品营养,保健品,保健品,否,保健品,,,,老来寿是营养保健品品牌，在中老年健康营养市场有布局，提供适合银发人群的保健产品。
老柚,老柚,文娱社交,文娱|社交平台,文娱,否,文娱,,,,老柚是中老年社交娱乐平台，为银发群体提供社交互动和兴趣社区服务。
老柚,老柚,文娱社交,文娱|社交平台,社交平台,否,社交平台,,,,老柚是中老年社交娱乐平台，为银发群体提供社交互动和兴趣社区服务。
联谛信息,联谛信息,养老服务|消费品,智能硬件|适老化,适老化,否,适老化,,,,联谛信息是康复辅具或适老化设备品牌，为老年人和行动不便人群提供辅助产品。
联谛信息,联谛信息,养老服务|消费品,智能硬件|适老化,智能硬件,否,智能硬件,,,,联谛信息是康复辅具或适老化设备品牌，为老年人和行动不便人群提供辅助产品。
肌肉科技,肌肉科技,食品营养,保健品,保健品,否,保健品,,,,肌肉科技是营养保健品品牌，在中老年健康营养市场有布局，提供适合银发人群的保健产品。
脑动极光,脑动极光,养老服务|医疗健康,养老机构|认知症,认知症,否,认知症,,,,脑动极光（NeuraLum）是数字认知评估与训练平台，用AI技术为老年人提供认知衰退筛查和干预方案。
臻牧,臻牧,食品营养,保健品,保健品,否,保健品,,,,臻牧是营养保健品品牌，在中老年健康营养市场有布局，提供适合银发人群的保健产品。
臻行科技,臻行科技,养老服务|消费品,智能硬件|适老化,适老化,否,适老化,,,,臻行科技是康复辅具或适老化设备品牌，为老年人和行动不便人群提供辅助产品。
臻行科技,臻行科技,养老服务|消费品,智能硬件|适老化,智能硬件,否,智能硬件,,,,臻行科技是康复辅具或适老化设备品牌，为老年人和行动不便人群提供辅助产品。
舒莱适,舒莱适,养老服务|消费品,智能硬件|适老化,适老化,否,适老化,,,,舒莱适是康复辅具或适老化设备品牌，为老年人和行动不便人群提供辅助产品。
舒莱适,舒莱适,养老服务|消费品,智能硬件|适老化,智能硬件,否,智能硬件,,,,舒莱适是康复辅具或适老化设备品牌，为老年人和行动不便人群提供辅助产品。
舞动时代,舞动时代,文娱社交,文娱|社交平台,文娱,否,文娱,,,,舞动时代是中老年社交娱乐平台，为银发群体提供社交互动和兴趣社区服务。
舞动时代,舞动时代,文娱社交,文娱|社交平台,社交平台,否,社交平台,,,,舞动时代是中老年社交娱乐平台，为银发群体提供社交互动和兴趣社区服务。
艾兰得,艾兰得,食品营养,保健品,保健品,否,保健品,,,,艾兰得是营养保健品品牌，在中老年健康营养市场有布局，提供适合银发人群的保健产品。
艾益生,艾益生,医疗健康,健康管理,健康管理,否,健康管理,,,,艾益生是健康养生品牌，为银发人群提供健康管理或养生保健产品和服务。
艾艾贴,艾艾贴,医疗健康,健康管理,健康管理,否,健康管理,,,,艾艾贴是健康养生品牌，为银发人群提供健康管理或养生保健产品和服务。
苏立康,苏立康,食品营养,保健品,保健品,否,保健品,,,,苏立康是营养保健品品牌，在中老年健康营养市场有布局，提供适合银发人群的保健产品。
若创科技,若创科技,养老服务|消费品,智能硬件|适老化,适老化,否,适老化,,,,若创科技是康复辅具或适老化设备品牌，为老年人和行动不便人群提供辅助产品。
若创科技,若创科技,养老服务|消费品,智能硬件|适老化,智能硬件,否,智能硬件,,,,若创科技是康复辅具或适老化设备品牌，为老年人和行动不便人群提供辅助产品。
英智,英智,医疗健康|消费品,康复医疗|智能硬件,智能硬件,否,智能硬件,,,,英智是康复医疗品牌，提供老年康复训练、物理治疗等康复服务或设备。
英洛华,英洛华,养老服务|消费品,智能硬件|适老化,适老化,否,适老化,,,,英洛华是康复辅具或适老化设备品牌，为老年人和行动不便人群提供辅助产品。
英洛华,英洛华,养老服务|消费品,智能硬件|适老化,智能硬件,否,智能硬件,,,,英洛华是康复辅具或适老化设备品牌，为老年人和行动不便人群提供辅助产品。
莎浓羊奶,莎浓羊奶,食品营养,保健品,保健品,否,保健品,,,,莎浓羊奶是营养保健品品牌，在中老年健康营养市场有布局，提供适合银发人群的保健产品。
蒙佩尔兰,蒙佩尔兰,食品营养,保健品,保健品,否,保健品,,,,蒙佩尔兰是营养保健品品牌，在中老年健康营养市场有布局，提供适合银发人群的保健产品。
蓝力,蓝力,食品营养,保健品,保健品,否,保健品,,,,蓝力是营养保健品品牌，在中老年健康营养市场有布局，提供适合银发人群的保健产品。
虚之实,虚之实,养老服务|医疗健康,养老机构|认知症,认知症,否,认知症,,,,虚之实是VR康复训练品牌，用虚拟现实技术为老年认知衰退和康复训练提供方案。
记忆家,记忆家,养老服务|医疗健康,养老机构|认知症,认知症,否,认知症,,,,记忆家是专注认知症老人照护的服务品牌，提供认知症家庭支持、日间照料和专业照护服务。
谊安医疗,谊安医疗,养老服务|消费品,智能硬件|适老化,适老化,否,适老化,,,,谊安医疗是康复辅具或适老化设备品牌，为老年人和行动不便人群提供辅助产品。
谊安医疗,谊安医疗,养老服务|消费品,智能硬件|适老化,智能硬件,否,智能硬件,,,,谊安医疗是康复辅具或适老化设备品牌，为老年人和行动不便人群提供辅助产品。
豪悦,豪悦,养老服务|消费品,智能硬件|适老化,适老化,否,适老化,,,,豪悦是康复辅具或适老化设备品牌，为老年人和行动不便人群提供辅助产品。
豪悦,豪悦,养老服务|消费品,智能硬件|适老化,智能硬件,否,智能硬件,,,,豪悦是康复辅具或适老化设备品牌，为老年人和行动不便人群提供辅助产品。
赋爱科技,赋爱科技,养老服务|医疗健康,养老机构|认知症|适老化,认知症,否,认知症,,,,赋爱科技是养老科技品牌，专注智能适老化产品和养老信息化方案。
赋爱科技,赋爱科技,养老服务|医疗健康,养老机构|认知症|适老化,适老化,否,适老化,,,,赋爱科技是养老科技品牌，专注智能适老化产品和养老信息化方案。
足步医疗,足步医疗,养老服务|消费品,智能硬件|适老化,适老化,否,适老化,,,,足步医疗是康复辅具或适老化设备品牌，为老年人和行动不便人群提供辅助产品。
足步医疗,足步医疗,养老服务|消费品,智能硬件|适老化,智能硬件,否,智能硬件,,,,足步医疗是康复辅具或适老化设备品牌，为老年人和行动不便人群提供辅助产品。
达旦无极,达旦无极,养老服务|医疗健康|消费品,养老机构|智能硬件|认知症,认知症,否,认知症,,,,达旦无极是智能养老设备品牌，研发老年人安全监测和健康追踪产品。
达旦无极,达旦无极,养老服务|医疗健康|消费品,养老机构|智能硬件|认知症,智能硬件,否,智能硬件,,,,达旦无极是智能养老设备品牌，研发老年人安全监测和健康追踪产品。
达晨财智,达晨财智,金融保险,产业资本,产业资本,否,产业资本,,,,达晨财智是国内领先的本土创投机构，管理资产规模超350亿元，在医疗健康和养老产业有多个投资布局。
达风投资,达风投资,金融保险,产业资本,产业资本,否,产业资本,,,,达风投资是关注银发经济赛道的投资机构，在医疗健康和养老产业有投资布局。
迈德斯特,迈德斯特,养老服务|消费品,智能硬件|适老化,适老化,否,适老化,,,,迈德斯特是康复辅具或适老化设备品牌，为老年人和行动不便人群提供辅助产品。
迈德斯特,迈德斯特,养老服务|消费品,智能硬件|适老化,智能硬件,否,智能硬件,,,,迈德斯特是康复辅具或适老化设备品牌，为老年人和行动不便人群提供辅助产品。
远方好物,远方好物,食品营养,保健品,保健品,否,保健品,,,,远方好物是营养保健品品牌，在中老年健康营养市场有布局，提供适合银发人群的保健产品。
退休俱乐部,退休俱乐部,文娱社交,文娱|社交平台,文娱,否,文娱,,,,退休俱乐部是中老年社交娱乐平台，为银发群体提供社交互动和兴趣社区服务。
退休俱乐部,退休俱乐部,文娱社交,文娱|社交平台,社交平台,否,社交平台,,,,退休俱乐部是中老年社交娱乐平台，为银发群体提供社交互动和兴趣社区服务。
通策医疗,通策医疗,养老服务|消费品,智能硬件|适老化,适老化,否,适老化,,,,通策医疗是康复辅具或适老化设备品牌，为老年人和行动不便人群提供辅助产品。
通策医疗,通策医疗,养老服务|消费品,智能硬件|适老化,智能硬件,否,智能硬件,,,,通策医疗是康复辅具或适老化设备品牌，为老年人和行动不便人群提供辅助产品。
遇禾规划,遇禾规划,养老服务|消费品,适老化改造|智能硬件,智能硬件,否,智能硬件,,,,遇禾规划是适老化产品品牌，专注老年人居家环境改造和适老化设备研发。
遇见美好,遇见美好,文娱社交,文娱|社交平台,文娱,否,文娱,,,,遇见美好是中老年社交娱乐平台，为银发群体提供社交互动和兴趣社区服务。
遇见美好,遇见美好,文娱社交,文娱|社交平台,社交平台,否,社交平台,,,,遇见美好是中老年社交娱乐平台，为银发群体提供社交互动和兴趣社区服务。
郑远元,郑远元,医疗健康,健康管理,健康管理,否,健康管理,,,,郑远元是健康养生品牌，为银发人群提供健康管理或养生保健产品和服务。
金牌护士,金牌护士,养老服务,专业护理|居家护理,居家护理,否,居家护理,,,,金牌护士是专业护理服务品牌，提供居家养老护理、医疗护理等上门服务。
金牌护士,金牌护士,养老服务,专业护理|居家护理,专业护理,否,专业护理,,,,金牌护士是专业护理服务品牌，提供居家养老护理、医疗护理等上门服务。
金矢机器人,金矢机器人,医疗健康|消费品,康复医疗|智能硬件,智能硬件,否,智能硬件,,,,金矢机器人是康复医疗品牌，提供老年康复训练、物理治疗等康复服务或设备。
金鼎资本,金鼎资本,金融保险,产业资本,产业资本,否,产业资本,,,,金鼎资本是关注银发经济赛道的投资机构，在医疗健康和养老产业有投资布局。
钧晟科技,钧晟科技,医疗健康|消费品,康复医疗|智能硬件,智能硬件,否,智能硬件,,,,钧晟科技是康复医疗品牌，提供老年康复训练、物理治疗等康复服务或设备。
钰民,钰民,养老服务|消费品,智能硬件|适老化,适老化,否,适老化,,,,钰民是康复辅具或适老化设备品牌，为老年人和行动不便人群提供辅助产品。
钰民,钰民,养老服务|消费品,智能硬件|适老化,智能硬件,否,智能硬件,,,,钰民是康复辅具或适老化设备品牌，为老年人和行动不便人群提供辅助产品。
铂桐医疗,铂桐医疗,医疗健康,健康管理,健康管理,否,健康管理,,,,铂桐医疗是健康养生品牌，为银发人群提供健康管理或养生保健产品和服务。
铱创投资,铱创投资,金融保险,产业资本,产业资本,否,产业资本,,,,铱创投资是关注银发经济赛道的投资机构，在医疗健康和养老产业有投资布局。
银创资本,银创资本,金融保险,产业资本,产业资本,否,产业资本,,,,银创资本是关注银发经济赛道的投资机构，在医疗健康和养老产业有投资布局。
银发无忧,银发无忧,养老服务,居家护理,居家护理,否,居家护理,,,,银发无忧是银发经济领域行业服务商，为养老产业提供相关产品或服务。
银彩聚乐部,银彩聚乐部,文娱社交,文娱,文娱,否,文娱,,,,银彩聚乐部是银发经济领域行业服务商，为养老产业提供相关产品或服务。
银汤屋,银汤屋,养老服务,专业护理|居家护理,居家护理,否,居家护理,,,,银汤屋是专业护理服务品牌，提供居家养老护理、医疗护理等上门服务。
银汤屋,银汤屋,养老服务,专业护理|居家护理,专业护理,否,专业护理,,,,银汤屋是专业护理服务品牌，提供居家养老护理、医疗护理等上门服务。
锣钹科技,锣钹科技,文娱社交,文娱|社交平台,文娱,否,文娱,,,,锣钹科技是中老年社交娱乐平台，为银发群体提供社交互动和兴趣社区服务。
锣钹科技,锣钹科技,文娱社交,文娱|社交平台,社交平台,否,社交平台,,,,锣钹科技是中老年社交娱乐平台，为银发群体提供社交互动和兴趣社区服务。
锦好医疗,锦好医疗,养老服务|消费品,助听器|智能硬件|适老化,适老化,否,适老化,,,,锦好医疗是康复辅具或适老化设备品牌，为老年人和行动不便人群提供辅助产品。
锦好医疗,锦好医疗,养老服务|消费品,助听器|智能硬件|适老化,智能硬件,否,智能硬件,,,,锦好医疗是康复辅具或适老化设备品牌，为老年人和行动不便人群提供辅助产品。
长岭资本,长岭资本,金融保险,产业资本,产业资本,否,产业资本,,,,长岭资本是关注银发经济赛道的投资机构，在医疗健康和养老产业有投资布局。
阳光大姐,阳光大姐,文娱社交,文娱|社交平台,文娱,否,文娱,,,,阳光大姐是中老年社交娱乐平台，为银发群体提供社交互动和兴趣社区服务。
阳光大姐,阳光大姐,文娱社交,文娱|社交平台,社交平台,否,社交平台,,,,阳光大姐是中老年社交娱乐平台，为银发群体提供社交互动和兴趣社区服务。
阿尔发,阿尔发,食品营养,保健品,保健品,否,保健品,,,,阿尔发是营养保健品品牌，在中老年健康营养市场有布局，提供适合银发人群的保健产品。
阿福医疗,阿福医疗,养老服务,专业护理|居家护理,居家护理,否,居家护理,,,,阿福医疗是专业护理服务品牌，提供居家养老护理、医疗护理等上门服务。
阿福医疗,阿福医疗,养老服务,专业护理|居家护理,专业护理,否,专业护理,,,,阿福医疗是专业护理服务品牌，提供居家养老护理、医疗护理等上门服务。
青鸟软通,青鸟软通,养老服务,专业护理|居家护理,居家护理,否,居家护理,,,,青鸟软通是专业护理服务品牌，提供居家养老护理、医疗护理等上门服务。
青鸟软通,青鸟软通,养老服务,专业护理|居家护理,专业护理,否,专业护理,,,,青鸟软通是专业护理服务品牌，提供居家养老护理、医疗护理等上门服务。
高樟资本,高樟资本,金融保险,产业资本,产业资本,否,产业资本,,,,高樟资本是关注银发经济赛道的投资机构，在医疗健康和养老产业有投资布局。
鱼跃,鱼跃,养老服务|消费品,智能硬件|适老化,适老化,否,适老化,,,,鱼跃是康复辅具或适老化设备品牌，为老年人和行动不便人群提供辅助产品。
鱼跃,鱼跃,养老服务|消费品,智能硬件|适老化,智能硬件,否,智能硬件,,,,鱼跃是康复辅具或适老化设备品牌，为老年人和行动不便人群提供辅助产品。
鲲鱼健康,鲲鱼健康,食品营养,保健品,保健品,否,保健品,,,,鲲鱼健康是营养保健品品牌，在中老年健康营养市场有布局，提供适合银发人群的保健产品。
鹏翼时代,鹏翼时代,文娱社交,文娱|社交平台,文娱,否,文娱,,,,鹏翼时代是中老年社交娱乐平台，为银发群体提供社交互动和兴趣社区服务。
鹏翼时代,鹏翼时代,文娱社交,文娱|社交平台,社交平台,否,社交平台,,,,鹏翼时代是中老年社交娱乐平台，为银发群体提供社交互动和兴趣社区服务。
麦孚,麦孚,食品营养,保健品,保健品,否,保健品,,,,麦孚是营养保健品品牌，在中老年健康营养市场有布局，提供适合银发人群的保健产品。
鼎植口腔,鼎植口腔,养老服务|消费品,智能硬件|适老化,适老化,否,适老化,,,,鼎植口腔是康复辅具或适老化设备品牌，为老年人和行动不便人群提供辅助产品。
鼎植口腔,鼎植口腔,养老服务|消费品,智能硬件|适老化,智能硬件,否,智能硬件,,,,鼎植口腔是康复辅具或适老化设备品牌，为老年人和行动不便人群提供辅助产品。
AgenT,,医疗健康,认知症,认知症,否,认知症,,,,使用常规抽血进行早期阿尔茨海默病检测
Alz You Need,,医疗健康,认知症,认知症,否,认知症,,,,为护理人员找到阿尔茨海默症相关技术解决方案的匹配服务
Autotune Me,,医疗健康|文娱社交|精神健康,心理健康服务|文娱|认知症,认知症,否,认知症,,,,使用音乐解决阿尔茨海默病症状
Autotune Me,,医疗健康|文娱社交|精神健康,心理健康服务|文娱|认知症,文娱,否,文娱,,,,使用音乐解决阿尔茨海默病症状
lyflynks,,养老服务|智能科技,专业护理|护理平台|数字化,专业护理,否,专业护理,,,,移动互联网护理平台，连接C端、护士、护理机构
可靠护理,可靠护理,养老服务,专业护理,专业护理,否,专业护理,,,,成人失禁用品
圣德医养,圣德医养,医疗健康,认知症|远程医疗,认知症,否,认知症,,,,半失能、失能、失智老人医养结合，11家连锁机构
松龄护老,松龄护老,养老服务,居家护理,居家护理,否,居家护理,,,,香港养老护理提供商，2017年上市
爱晖,爱晖,医疗健康,健康管理,健康管理,否,健康管理,,,,国内服药管理，研发难度很大
蓓姿,蓓姿,养老服务,专业护理,专业护理,否,专业护理,,,,国内尿失禁产品
小橙长护,小橙长护,养老服务,专业护理|居家护理|适老化,居家护理,否,居家护理,,,,"集""养老护理服务、医养人才培养、数字化医养平台""为一体，提供生活照料、医疗护理、病患管理、康复理疗，以及辅具租赁、适老化"
小橙长护,小橙长护,养老服务,专业护理|居家护理|适老化,专业护理,否,专业护理,,,,"集""养老护理服务、医养人才培养、数字化医养平台""为一体，提供生活照料、医疗护理、病患管理、康复理疗，以及辅具租赁、适老化"
小橙长护,小橙长护,养老服务,专业护理|居家护理|适老化,适老化,否,适老化,,,,"集""养老护理服务、医养人才培养、数字化医养平台""为一体，提供生活照料、医疗护理、病患管理、康复理疗，以及辅具租赁、适老化"
璞缘照护,璞缘照护,养老服务,专业护理|居家护理,居家护理,否,居家护理,,,,专注居家护理养老服务，在全国30个城市连锁布局长护定点业务，以社区为依托，承接多地社区日照、养老服务中心、养老驿站的运营
璞缘照护,璞缘照护,养老服务,专业护理|居家护理,专业护理,否,专业护理,,,,专注居家护理养老服务，在全国30个城市连锁布局长护定点业务，以社区为依托，承接多地社区日照、养老服务中心、养老驿站的运营
青松康护,青松康护,养老服务,专业护理|居家护理,居家护理,否,居家护理,,,,康复护理服务机构，专门服务于居住在家中和社区内的老年人、残疾人、病后术后康复期人群，提供专业规范的长期照护和康复护理服务
青松康护,青松康护,养老服务,专业护理|居家护理,专业护理,否,专业护理,,,,康复护理服务机构，专门服务于居住在家中和社区内的老年人、残疾人、病后术后康复期人群，提供专业规范的长期照护和康复护理服务
颐家养老,颐家养老,养老服务,居家护理,居家护理,否,居家护理,,,,"为社区老人提供医、护、康、养、险服务，通过机构、站点、居家等多种服务模式，形成特色的""医养服务平台网络""，实现""全人、全"
二毛照护,二毛照护,养老服务|医疗健康,专业护理|居家护理|认知症,认知症,否,认知症,,,,主要面向高龄、失能、失智人群，为用户提供生活照护、病症护理、病后康复等方面一站式居家照护服务。业务包括整月照护、全天照护
二毛照护,二毛照护,养老服务|医疗健康,专业护理|居家护理|认知症,居家护理,否,居家护理,,,,主要面向高龄、失能、失智人群，为用户提供生活照护、病症护理、病后康复等方面一站式居家照护服务。业务包括整月照护、全天照护
二毛照护,二毛照护,养老服务|医疗健康,专业护理|居家护理|认知症,专业护理,否,专业护理,,,,主要面向高龄、失能、失智人群，为用户提供生活照护、病症护理、病后康复等方面一站式居家照护服务。业务包括整月照护、全天照护
小羊养老,小羊养老,养老服务,居家护理|适老化|适老化改造,居家护理,否,居家护理,,,,专业的陪诊业务和适老化改造业务是小羊养老目前最主要的服务。2022.08天使轮数百万元融资
小羊养老,小羊养老,养老服务,居家护理|适老化|适老化改造,适老化,否,适老化,,,,专业的陪诊业务和适老化改造业务是小羊养老目前最主要的服务。2022.08天使轮数百万元融资
清檬养老,清檬养老,养老服务|文娱社交,居家护理|文娱|社交平台,居家护理,否,居家护理,,,,自主研发养老人才教育培训体系和智慧照护体系，提供24小时居家照护服务、社区托管照护服务、上门服务、康复护理以及疗养度假服
清檬养老,清檬养老,养老服务|文娱社交,居家护理|文娱|社交平台,文娱,否,文娱,,,,自主研发养老人才教育培训体系和智慧照护体系，提供24小时居家照护服务、社区托管照护服务、上门服务、康复护理以及疗养度假服
清檬养老,清檬养老,养老服务|文娱社交,居家护理|文娱|社交平台,社交平台,否,社交平台,,,,自主研发养老人才教育培训体系和智慧照护体系，提供24小时居家照护服务、社区托管照护服务、上门服务、康复护理以及疗养度假服
甲子科技(甲子养老),甲子科技(甲子养老),养老服务|渠道零售,适老化|零售,适老化,否,适老化,,,,线下门店销售代步车、适老辅具，上门测量改造服务
优生活羊奶,优生活羊奶,食品营养,保健品|营养食品,保健品,否,保健品,,,,液态羊奶、羊奶粉，广东、福建中老年市场深耕
退休俱乐部(东犁),退休俱乐部(东犁),文娱社交,文娱|旅游,文娱,否,文娱,,,,电视节目引流中老年周边、长线康养旅游，线下聚会服务
清雷科技,清雷科技,养老服务|医疗健康,健康监测|居家护理,健康监测,否,健康监测,,,,毫米波雷达无感跌倒、生命体征监测，养老机构+居家双场景
清雷科技,清雷科技,养老服务|医疗健康,健康监测|居家护理,居家护理,是,居家护理,健康监测,真实业务更贴合健康监测,,毫米波雷达无感跌倒、生命体征监测，养老机构+居家双场景
苗米科技,苗米科技,医疗健康|消费品,健康监测|智能硬件,健康监测,否,健康监测,,,,毫米波+红外融合跌倒、生命体征监测设备，华东社区养老深耕
苗米科技,苗米科技,医疗健康|消费品,健康监测|智能硬件,智能硬件,否,智能硬件,,,,毫米波+红外融合跌倒、生命体征监测设备，华东社区养老深耕
点可科技,点可科技,医疗健康,健康监测,健康监测,否,健康监测,,,,家用跌倒报警器，C端家庭零售+社区批量采购
兆观智能,兆观智能,医疗健康,健康监测,健康监测,否,健康监测,,,,无感床垫式睡眠呼吸监测，老年睡眠呼吸暂停筛查二类医疗器械
享睡Sleepace,享睡Sleepace,养老服务|医疗健康,健康监测|居家护理,健康监测,否,健康监测,,,,家用无感睡眠监测垫，居家、养老机构双场景硬件
享睡Sleepace,享睡Sleepace,养老服务|医疗健康,健康监测|居家护理,居家护理,是,居家护理,健康监测,真实业务更贴合健康监测,,家用无感睡眠监测垫，居家、养老机构双场景硬件
大耳马医学,大耳马医学,养老服务|医疗健康|消费品,个护|慢病管理|居家护理,居家护理,否,居家护理,,,,鼾症、睡眠呼吸暂停居家监测，适配老年慢病人群
太平梧桐人家,太平梧桐人家,文娱社交,文娱|社交平台,文娱,否,文娱,,,,保险对接高端持续照料社区，上海旗舰
太平梧桐人家,太平梧桐人家,文娱社交,文娱|社交平台,社交平台,否,社交平台,,,,保险对接高端持续照料社区，上海旗舰
天一智慧,天一智慧,养老服务|消费品,居家护理|智能硬件,居家护理,否,居家护理,,,,社区智慧平台、居家监护硬件配套
天一智慧,天一智慧,养老服务|消费品,居家护理|智能硬件,智能硬件,否,智能硬件,,,,社区智慧平台、居家监护硬件配套
戴恩医疗,戴恩医疗,养老服务,居家护理,居家护理,否,居家护理,,,,失能老人上门洗澡、身体清洁护理
鱼跃医疗,鱼跃医疗,养老服务,适老化,适老化,否,适老化,,,,手动/电动轮椅、护理器械全产业链
互邦医疗,互邦医疗,养老服务,适老化,适老化,否,适老化,,,,医院、养老院批量手动/电动轮椅
振邦医疗,振邦医疗,养老服务,适老化,适老化,否,适老化,,,,手动轮椅、助行器县域渠道批发
厚福医疗,厚福医疗,养老服务,专业护理,专业护理,否,专业护理,,,,三甲、大型护理院高端护理床
德林假肢,德林假肢,养老服务|医疗健康,康复医疗|适老化,适老化,否,适老化,,,,下肢、上肢假肢定制+康复训练
一康医疗,一康医疗,医疗健康|消费品,康复医疗|智能硬件,智能硬件,否,智能硬件,,,,下肢步态、上肢康复训练器械
豪悦护理,豪悦护理,养老服务,专业护理,专业护理,否,专业护理,,,,A股护理用品龙头，成人失禁用品ODM+自有品牌双轮驱动
曼景科技,曼景科技,医疗健康|消费品,康复医疗|智能硬件|认知症,认知症,否,认知症,,,,神经调控康复设备，聚焦老年认知障碍、精神疾病康复
曼景科技,曼景科技,医疗健康|消费品,康复医疗|智能硬件|认知症,智能硬件,否,智能硬件,,,,神经调控康复设备，聚焦老年认知障碍、精神疾病康复
品驰医疗,品驰医疗,医疗健康|消费品,康复医疗|智能硬件,智能硬件,否,智能硬件,,,,脑起搏器龙头，帕金森等老年神经疾病植入式治疗设备
英智康复,英智康复,医疗健康|消费品,康复医疗|智能硬件|认知症,认知症,否,认知症,,,,神经康复医疗连锁，脑卒中、老年认知障碍线下康复中心
英智康复,英智康复,医疗健康|消费品,康复医疗|智能硬件|认知症,智能硬件,否,智能硬件,,,,神经康复医疗连锁，脑卒中、老年认知障碍线下康复中心
爱康医疗,爱康医疗,医疗健康|消费品,康复医疗|智能硬件,智能硬件,否,智能硬件,,,,骨科植入物+肿瘤康复设备厂商，医用康复器械配套医院
养老福祉圈,养老福祉圈,养老服务|文娱社交,行业媒体|适老化|适老化改造,适老化,否,适老化,,,,养老辅具与福祉产业垂直媒体，聚焦适老产品赛道
哺恩养老,哺恩养老,养老服务|医疗健康,养老社区|认知症,认知症,否,认知症,,,,认知症专业照护连锁机构，聚焦失智老人刚需照护
Honor,,养老服务,专业护理|居家护理,居家护理,否,居家护理,,,,"养老网络技术平台，为护理员提供个性化福利，连接C端和护理员。被称为""滴滴护工""。"
Honor,,养老服务,专业护理|居家护理,专业护理,否,专业护理,,,,"养老网络技术平台，为护理员提供个性化福利，连接C端和护理员。被称为""滴滴护工""。"
Inspiren,,医疗健康|消费品,健康监测|智能硬件,健康监测,否,健康监测,,,,AI驱动的老年生活技术，用于监测和改善老年人生活质量。
Inspiren,,医疗健康|消费品,健康监测|智能硬件,智能硬件,否,智能硬件,,,,AI驱动的老年生活技术，用于监测和改善老年人生活质量。
Accompany Health,,养老服务,居家护理,居家护理,否,居家护理,,,,为有复杂需求的低收入患者提供全天候虚拟和面对面初级、行为和社会护理服务。
Ageless Innovation,,养老服务|文娱社交,专业护理|文娱,专业护理,否,专业护理,,,,以Joy for All Companion Pets系列为起点，专注创造促进乐趣和陪伴的产品，降低护理成本并为老年人建
Ageless Innovation,,养老服务|文娱社交,专业护理|文娱,文娱,否,文娱,,,,以Joy for All Companion Pets系列为起点，专注创造促进乐趣和陪伴的产品，降低护理成本并为老年人建
Amedisys,,养老服务|医疗健康,专业护理|临终关怀|居家护理,居家护理,否,居家护理,,,,美国大型居家护理服务提供商，2024年8月被正式收购（33亿美元），之前因反垄断推迟。
Amedisys,,养老服务|医疗健康,专业护理|临终关怀|居家护理,专业护理,否,专业护理,,,,美国大型居家护理服务提供商，2024年8月被正式收购（33亿美元），之前因反垄断推迟。
Blooming Health,,养老服务|医疗健康,SODH|专业护理,专业护理,否,专业护理,,,,21个州700+社区项目，连接医疗保健提供者和社会服务组织，为老年人提供交通、送餐、社交等支持。
CarePredict,,医疗健康,健康监测|远程医疗,健康监测,否,健康监测,,,,AI驱动数字健康平台，自主识别日常活动和行为变化，检测健康问题早期迹象。住院率降低39%，跌倒率降低69%。
Cariloop,,养老服务,专业护理,专业护理,否,专业护理,,,,让公司支持在职护理人员，提高员工福利和留任率。为宝洁、毕马威等提供服务，收入3年增长近300%。NPS超80。
Cera Care,,养老服务,专业护理|居家护理,居家护理,否,居家护理,,,,欧洲最大数字优先家庭医疗保健服务提供商。90%收入来自NHS和地方政府合同。过去三年增长100倍。
Cera Care,,养老服务,专业护理|居家护理,专业护理,否,专业护理,,,,欧洲最大数字优先家庭医疗保健服务提供商。90%收入来自NHS和地方政府合同。过去三年增长100倍。
Habitat Health,,养老服务|医疗健康,SODH|专业护理|养老社区,专业护理,否,专业护理,,,,构建技术平台使医疗保健提供者解决健康社会决定因素。参与PACE计划，帮助老年人管理健康并在家庭和社区保持独立。
Hinge Health,,医疗健康,健康管理|慢病管理,健康管理,是,健康管理,慢病管理,糖尿病/慢病属慢病管理,,数字MSK（肌肉骨骼）护理，虚拟/面对面肌肉骨骼护理。股票代码HNGE。
Homethrive,,养老服务,专业护理|护理平台,专业护理,否,专业护理,,,,对护理员的情感、专业、工作、福利等方面提供支持。客户来自健康计划、企业、个人。成立于2018年。
IntusCare,,养老服务,专业护理|居家护理,居家护理,否,居家护理,,,,老年护理预测分析解决方案提供商，改善有复杂需求老年人的治疗结果。为PACE计划提供数字化平台。
IntusCare,,养老服务,专业护理|居家护理,专业护理,否,专业护理,,,,老年护理预测分析解决方案提供商，改善有复杂需求老年人的治疗结果。为PACE计划提供数字化平台。
Rippl Care,,养老服务|医疗健康|精神健康,养老机构|心理健康服务|认知症,认知症,否,认知症,,,,痴呆症心理健康服务提供商。
Seen Health,,养老服务|金融保险,专业护理|产业资本|养老社区,专业护理,否,专业护理,,,,PACE计划，为享受Medicare/Medicaid的慢性病老年人提供全面医疗和社会支持。参考上市公司Innovage
Seen Health,,养老服务|金融保险,专业护理|产业资本|养老社区,产业资本,否,产业资本,,,,PACE计划，为享受Medicare/Medicaid的慢性病老年人提供全面医疗和社会支持。参考上市公司Innovage
Sword Health,,医疗健康,健康管理|慢病管理,健康管理,是,健康管理,慢病管理,糖尿病/慢病属慢病管理,,全球约17亿人患MSK疾病。Sword Health从背部/关节疼痛扩展到女性骨盆健康。运用AI。
Tombot,,养老服务|医疗健康|文娱社交,养老机构|陪伴机器人|认知症,认知症,否,认知症,,,,加利福尼亚机器人公司，生产机器小狗作为痴呆症和轻度认知障碍患者的伴侣动物。
Vesta Healthcare,,养老服务,专业护理|居家护理,居家护理,否,居家护理,,,,让居家护理人员与付款人和临床医生共享信息改善治疗效果。为超过5万老年人服务。
Vesta Healthcare,,养老服务,专业护理|居家护理,专业护理,否,专业护理,,,,让居家护理人员与付款人和临床医生共享信息改善治疗效果。为超过5万老年人服务。
Vytalize Health,,养老服务|金融保险,产业资本|保险|虚拟护理,产业资本,是,产业资本,虚拟护理,产业资本为背景标签，真实业务为虚拟护理（建议移除）,,居家护理+价值医疗模式，为Medicare Advantage人群提供服务。
Wellthy,,养老服务,专业护理|护理平台,专业护理,否,专业护理,,,,技术驱动，数百名全职护理专家，为员工提供从出生到丧亲的护理需求支持。成立于2014年。
Apax Partners,,金融保险,产业资本,产业资本,否,产业资本,,,,Apax Partners是全球知名私募股权投资公司，管理资产超过500亿美元，在医疗健康和养老服务领域有多个投资布局。
宝马,宝马,养老服务,适老化,适老化,否,适老化,,,,BMW（宝马）在银发经济领域聚焦老年人出行，通过车内适老化设计、辅助驾驶技术等提升老年驾驶者的安全性和舒适度。
Bold,,养老服务|文娱社交,健身|居家护理|文娱,居家护理,否,居家护理,,,,定制化老年居家健身方案
Bold,,养老服务|文娱社交,健身|居家护理|文娱,文娱,否,文娱,,,,定制化老年居家健身方案
Brookdale Senior Living,布鲁克代尔,文娱社交,文娱|社交平台,文娱,否,文娱,,,,连锁养老社区
Brookdale Senior Living,布鲁克代尔,文娱社交,文娱|社交平台,社交平台,否,社交平台,,,,连锁养老社区
Care.com,,养老服务,专业护理|护理平台,专业护理,否,专业护理,,,,儿童照护、老年照护等全品类照护服务匹配
CareAcademy,,养老服务,专业护理|居家护理,居家护理,否,居家护理,,,,居家照护从业者职业培训
CareAcademy,,养老服务,专业护理|居家护理,专业护理,否,专业护理,,,,居家照护从业者职业培训
Current Health,,养老服务|医疗健康,居家护理|远程医疗,居家护理,否,居家护理,,,,居家生命体征监测系统
现名 CoGenerate,现名 CoGenerate,文娱社交,就业|文娱,文娱,否,文娱,,,,资深人才与非营利组织匹配、代际连接项目
Meta,元公司（Meta）,医疗健康|文娱社交|消费品,社交平台|智能硬件|认知症,认知症,否,认知症,,,,Meta（前Facebook）在银发经济领域通过Oculus VR设备为老年人提供社交和认知训练体验，同时研究VR在老年
Meta,元公司（Meta）,医疗健康|文娱社交|消费品,社交平台|智能硬件|认知症,智能硬件,否,智能硬件,,,,Meta（前Facebook）在银发经济领域通过Oculus VR设备为老年人提供社交和认知训练体验，同时研究VR在老年
Meta,元公司（Meta）,医疗健康|文娱社交|消费品,社交平台|智能硬件|认知症,社交平台,否,社交平台,,,,Meta（前Facebook）在银发经济领域通过Oculus VR设备为老年人提供社交和认知训练体验，同时研究VR在老年
Gather,,文娱社交,文娱|社交平台,文娱,否,文娱,,,,机构合作的虚拟直播学习活动
Gather,,文娱社交,文娱|社交平台,社交平台,否,社交平台,,,,机构合作的虚拟直播学习活动
GreatCall,,医疗健康|消费品,康复医疗|智能硬件,智能硬件,否,智能硬件,,,,老人手机、一键呼叫可穿戴设备
Greycroft Partners,,金融保险,产业资本,产业资本,否,产业资本,,,,Greycroft Partners是专注早期和成长期投资的VC，在消费科技和医疗健康领域有布局，投资了多个老年科技项目
Hebrew Senior Life,,养老服务|医疗健康,健康管理|养老社区,健康管理,否,健康管理,,,,养老社区与老年医疗服务
Home Instead,,养老服务,专业护理|居家护理,居家护理,否,居家护理,,,,居家护工服务网络
Home Instead,,养老服务,专业护理|居家护理,专业护理,否,专业护理,,,,居家护工服务网络
Humana / Aetna / UnitedHealth / Cigna,,金融保险,产业资本,产业资本,否,产业资本,,,,美国四大健康保险巨头（Humana、Aetna、UnitedHealth、Cigna），在Medicare Advant
凯撒医疗,凯撒医疗,金融保险,产业资本|保险,产业资本,是,产业资本,保险,产业资本为背景标签，真实业务为保险（建议移除）,,Kaiser Permanente（凯撒医疗）是美国最大的非营利性整合医疗体系，服务1200万+会员，在老年健康管理和M
Lively,,养老服务|医疗健康,健康管理|居家护理,健康管理,否,健康管理,,,,居家养老健康安全平台
Lively,,养老服务|医疗健康,健康管理|居家护理,居家护理,否,居家护理,,,,居家养老健康安全平台
耐克,耐克,文娱社交,健身|文娱,文娱,否,文娱,,,,运动鞋服、运动装备研发销售
Pivotal Ventures,,金融保险,产业资本,产业资本,否,产业资本,,,,Pivotal Ventures是Melinda French Gates创立的投资和慈善机构，关注女性经济赋权和老年人
Primetime Partners,,金融保险,产业资本,产业资本,否,产业资本,,,,Primetime Partners是专注银发经济（50+人群）的风险投资基金，由Alan Patricof创立，投资了
Rendever,,文娱社交,文娱,文娱,否,文娱,,,,老年 VR 社交与云游览服务
Road Scholar,,文娱社交,教育|文娱|旅游,文娱,否,文娱,,,,面向中老年的教育性旅行
三星,三星,养老服务|消费品,智能硬件|适老化,适老化,否,适老化,,,,Samsung（三星）在银发经济领域通过智能健康设备、Digital Health平台和适老化电子产品布局老年健康市场，
三星,三星,养老服务|消费品,智能硬件|适老化,智能硬件,否,智能硬件,,,,Samsung（三星）在银发经济领域通过智能健康设备、Digital Health平台和适老化电子产品布局老年健康市场，
斯坦福长寿研究中心,斯坦福长寿研究中心,医疗健康|金融保险,健康管理|养老金融,健康管理,是,健康管理,长寿科技,真实业务更贴合长寿科技,,Stanford Center on Longevity（斯坦福长寿研究中心）是全球顶级老龄化研究机构，研究长寿社会的金
Techstars Future of Longevity Accelerator,,金融保险,产业资本,产业资本,否,产业资本,,,,Techstars Future of Longevity是Techstars旗下专注银发经济的加速器项目，每年孵化10
Tembo Health,,医疗健康,慢病管理|认知症|远程医疗,认知症,否,认知症,,,,老年专科远程医疗服务
村庄网络,村庄网络,文娱社交,文娱|社交平台,文娱,否,文娱,,,,邻里互助养老社区运营
村庄网络,村庄网络,文娱社交,文娱|社交平台,社交平台,否,社交平台,,,,邻里互助养老社区运营
Wider Circle,,文娱社交,文娱|社交平台,文娱,否,文娱,,,,邻里互助小组、老年社交与健康管理
Wider Circle,,文娱社交,文娱|社交平台,社交平台,否,社交平台,,,,邻里互助小组、老年社交与健康管理
The Villages,,养老服务|文娱社交,养老社区|文娱|社交平台,文娱,否,文娱,,,,美国最大的老年退休社区运营商，社区数量超过175个，分布在美国的28个州。退休社区模式让老年人在统一规划的社区内享受独立
The Villages,,养老服务|文娱社交,养老社区|文娱|社交平台,社交平台,否,社交平台,,,,美国最大的老年退休社区运营商，社区数量超过175个，分布在美国的28个州。退休社区模式让老年人在统一规划的社区内享受独立
August Health,,养老服务,专业护理|养老社区,专业护理,否,专业护理,,,,为老年生活社区（assisted living/nursing home）提供一体化数字化解决方案，包括电子病历(EHR
Cala Health,,医疗健康|消费品|金融保险,产业资本|认知症|智能硬件,认知症,否,认知症,,,,开发FDA批准的非侵入式可穿戴设备，用于缓解特发性震颤（常见于老年人群）。与Medicare保险绑定，为患者提供非药物解
Cala Health,,医疗健康|消费品|金融保险,产业资本|认知症|智能硬件,智能硬件,否,智能硬件,,,,开发FDA批准的非侵入式可穿戴设备，用于缓解特发性震颤（常见于老年人群）。与Medicare保险绑定，为患者提供非药物解
Cala Health,,医疗健康|消费品|金融保险,产业资本|认知症|智能硬件,产业资本,是,产业资本,认知症,产业资本为背景标签，真实业务为认知症（建议移除）,,开发FDA批准的非侵入式可穿戴设备，用于缓解特发性震颤（常见于老年人群）。与Medicare保险绑定，为患者提供非药物解
Synapticure,,养老服务|医疗健康,专业护理|认知症|远程医疗,认知症,否,认知症,,,,致力于改善阿尔茨海默病及相关痴呆症、帕金森病患者的治疗机会和护理效果，同时为护理人员提供支持。连接患者与神经科专家，提供
Synapticure,,养老服务|医疗健康,专业护理|认知症|远程医疗,专业护理,否,专业护理,,,,致力于改善阿尔茨海默病及相关痴呆症、帕金森病患者的治疗机会和护理效果，同时为护理人员提供支持。连接患者与神经科专家，提供
Geri Care,,养老服务|医疗健康,专业护理|健康管理,健康管理,否,健康管理,,,,印度首家专注于老年人的综合医疗服务提供商，2018年创立，提供360度连续护理模式，包括预防、诊断、治疗、康复和长期护理
Geri Care,,养老服务|医疗健康,专业护理|健康管理,专业护理,否,专业护理,,,,印度首家专注于老年人的综合医疗服务提供商，2018年创立，提供360度连续护理模式，包括预防、诊断、治疗、康复和长期护理
Hello Sage,,养老服务,专业护理|养老社区,专业护理,否,专业护理,,,,总部位于纽约的老年生活运营管理平台提供商，为老年社区提供基于云的运营系统，帮助社区优化人员配置、提供更好的住户护理并提供
Papa,,养老服务|医疗健康|文娱社交,专业护理|远程医疗|陪伴服务,专业护理,否,专业护理,,,,技术平台，连接大学生/护理专业学生与老年人，提供交通、家务、陪伴等服务。也被称为优步护工模式，同时与辅助生活社区合作提供
Oak Street Health,橡树街健康,医疗健康|金融保险,产业资本|健康管理,健康管理,是,健康管理,保险,医保/保险属保险,,专注Medicare患者的初级保健连锁诊所，以预防性、全面护理为特色。平均患者年龄68岁，医患配比高，能同时满足看病、学
Oak Street Health,橡树街健康,医疗健康|金融保险,产业资本|健康管理,产业资本,是,产业资本,健康管理,产业资本为背景标签，真实业务为健康管理（建议移除）,,专注Medicare患者的初级保健连锁诊所，以预防性、全面护理为特色。平均患者年龄68岁，医患配比高，能同时满足看病、学
Lifeway Mobility,,养老服务|消费品,适老化改造|智能硬件,智能硬件,否,智能硬件,,,,居家无障碍解决方案公司，销售、安装和维护楼梯升降机、轮椅坡道、轮椅升降机、转运辅助设备、家用电梯和浴室安全产品。提供免费
Humana,,金融保险,产业资本|保险,产业资本,是,产业资本,保险,产业资本为背景标签，真实业务为保险（建议移除）,,美国头部Medicare Advantage运营商
Aetna,,金融保险,产业资本|保险,产业资本,是,产业资本,保险,产业资本为背景标签，真实业务为保险（建议移除）,,美国头部Medicare Advantage运营商
UnitedHealth,,金融保险,产业资本|保险,产业资本,是,产业资本,保险,产业资本为背景标签，真实业务为保险（建议移除）,,美国头部Medicare Advantage运营商
Cigna,,金融保险,产业资本|保险,产业资本,是,产业资本,保险,产业资本为背景标签，真实业务为保险（建议移除）,,美国头部Medicare Advantage运营商
a16z,,金融保险,产业资本,产业资本,否,产业资本,,,,头部风投机构，投资Honor、Bold、Devoted Health等
Battery Ventures,,金融保险,产业资本,产业资本,否,产业资本,,,,风投机构，投资A Place for Mom、ClearCare
Blue Venture Fund,,金融保险,产业资本,产业资本,否,产业资本,,,,风投机构，投资Wider Circle
Canaan,,金融保险,产业资本,产业资本,否,产业资本,,,,风投机构，投资Papa
Comcast Ventures,,金融保险,产业资本,产业资本,否,产业资本,,,,风投机构，投资Papa
Magnify Ventures,,金融保险,产业资本,产业资本,否,产业资本,,,,风投机构，投资Papa
软银愿景基金,软银愿景基金,金融保险,产业资本,产业资本,否,产业资本,,,,软银旗下风投基金，投资Papa
Tiger Global,,金融保险,产业资本,产业资本,否,产业资本,,,,风投机构，投资Papa
Emerson Collective,,金融保险,产业资本,产业资本,否,产业资本,,,,影响力投资机构，投资Tembo Health、GoodTrust、FreeWill等
Generator Ventures,,金融保险,产业资本,产业资本,否,产业资本,,,,风投机构，投资ActiveProtective、CareLinx、Vesta Healthcare、Wellthy等
Kaiser Permanente Ventures,,金融保险,产业资本,产业资本,否,产业资本,,,,凯撒医疗旗下风投，投资Vesta Healthcare、SilverLink
Oak HC/FT,,金融保险,产业资本,产业资本,否,产业资本,,,,风投机构，投资Vesta Healthcare、Devoted Health等
Rethink Impact,,金融保险,产业资本,产业资本,否,产业资本,,,,影响力投资机构，投资Wellthy、CareAcademy
Ziegler长寿基金,Ziegler长寿基金,金融保险,产业资本,产业资本,否,产业资本,,,,长寿专项基金，投资二十余家长寿赛道企业
Google,,养老服务|金融保险,产业资本|适老化改造,产业资本,否,产业资本,,,,科技公司，设有职场回归项目吸纳职业中断的资深人才
GE Healthcare,GE医疗,养老服务,居家护理,居家护理,否,居家护理,,,,医疗科技企业，2009年收购居家养老技术企业Living Independently Group
6Degrees,,养老服务|文娱社交|消费品,社交平台|智能硬件|适老化,适老化,是,适老化,智能硬件,真实业务更贴合智能硬件,,可穿戴AI将动作转换为数字命令，控制智能设备
6Degrees,,养老服务|文娱社交|消费品,社交平台|智能硬件|适老化,智能硬件,否,智能硬件,,,,可穿戴AI将动作转换为数字命令，控制智能设备
6Degrees,,养老服务|文娱社交|消费品,社交平台|智能硬件|适老化,社交平台,否,社交平台,,,,可穿戴AI将动作转换为数字命令，控制智能设备
Abbvie,,养老服务|医疗健康,养老机构|药品|认知症,认知症,否,认知症,,,,收购Aliada Therapeutics，获得跨越血脑屏障的阿尔茨海默病候选药物
AceAge,,消费品,智能硬件,智能硬件,否,智能硬件,,,,智慧用药产品，管理3种以上药物
Actif,,医疗健康,认知症,认知症,否,认知症,,,,创建于2021年，针对老年人的体育和认知锻炼
AdhereTech,,医疗健康,健康管理,健康管理,否,健康管理,,,,提醒人们服药并在不服药时干预
ADL Smartcar,,医疗健康,健康管理,健康管理,否,健康管理,,,,健康测评问卷收集老年人群健康数据
Adonis,,文娱社交,文娱|社交平台,文娱,否,文娱,,,,AI收入周期技术，10000+医疗服务供应商
Adonis,,文娱社交,文娱|社交平台,社交平台,否,社交平台,,,,AI收入周期技术，10000+医疗服务供应商
Advosense,,养老服务,专业护理,专业护理,否,专业护理,,,,尿失禁数字解决方案
Age Bold,,医疗健康,健康监测|健康管理,健康管理,否,健康管理,,,,在线锻炼、预防跌倒
Age Bold,,医疗健康,健康监测|健康管理,健康监测,否,健康监测,,,,在线锻炼、预防跌倒
AgeWell Global,,文娱社交,就业|文娱|社交平台,文娱,否,文娱,,,,基于同伴的社交参与+移动技术，改善健康结果
AgeWell Global,,文娱社交,就业|文娱|社交平台,社交平台,否,社交平台,,,,基于同伴的社交参与+移动技术，改善健康结果
Aktiia,,医疗健康,健康监测|慢病管理,健康监测,否,健康监测,,,,"光学连续血压监测手环，44个国家60,000+用户"
Allwayswithyou,,养老服务|医疗健康,专业护理|认知症|远程医疗,认知症,否,认知症,,,,为痴呆症患者提供个性化护理和帮助，远程护理
Allwayswithyou,,养老服务|医疗健康,专业护理|认知症|远程医疗,专业护理,否,专业护理,,,,为痴呆症患者提供个性化护理和帮助，远程护理
Anatomy Financial,,文娱社交|金融保险,养老金融|文娱|社交平台,文娱,否,文娱,,,,AI金融操作系统，向医疗保险公司收费
Anatomy Financial,,文娱社交|金融保险,养老金融|文娱|社交平台,社交平台,否,社交平台,,,,AI金融操作系统，向医疗保险公司收费
Angels on Call Homecare,,养老服务|医疗健康,居家护理|认知症,认知症,否,认知症,,,,美国第一家获得帕金森病护理认证的家庭护理提供商
Angels on Call Homecare,,养老服务|医疗健康,居家护理|认知症,居家护理,否,居家护理,,,,美国第一家获得帕金森病护理认证的家庭护理提供商
Apple,,医疗健康|消费品|金融保险,产业资本|健康监测|智能硬件,健康监测,否,健康监测,,,,Apple Watch睡眠呼吸暂停检测、跌倒检测；AirPods获FDA批准为助听器
Apple,,医疗健康|消费品|金融保险,产业资本|健康监测|智能硬件,智能硬件,否,智能硬件,,,,Apple Watch睡眠呼吸暂停检测、跌倒检测；AirPods获FDA批准为助听器
Apple,,医疗健康|消费品|金融保险,产业资本|健康监测|智能硬件,产业资本,是,产业资本,健康监测,产业资本为背景标签，真实业务为健康监测（建议移除）,,Apple Watch睡眠呼吸暂停检测、跌倒检测；AirPods获FDA批准为助听器
Apree,,医疗健康,健康管理,健康管理,是,健康管理,远程医疗,诊所/基层医疗非泛健康管理,,摩根大通支持的高级初级保健公司，为36000名员工提供医疗保健
AssistMe,,养老服务,专业护理,专业护理,否,专业护理,,,,智能失禁解决方案，护理基础设施
Author Health,,精神健康|金融保险,产业资本|保险|心理健康服务,产业资本,是,产业资本,保险,产业资本为背景标签，真实业务为保险（建议移除）,,为Medicare Advantage患者提供物质使用障碍和严重精神疾病护理
Auxa Health,,医疗健康|文娱社交,SODH|社交平台,社交平台,否,社交平台,,,,AI驱动的社会护理协调平台，福利导航
Avation Medical,,养老服务|医疗健康|消费品,专业护理|健康管理|智能硬件,健康管理,否,健康管理,,,,可穿戴神经调节设备治疗急迫性尿失禁
Avation Medical,,养老服务|医疗健康|消费品,专业护理|健康管理|智能硬件,专业护理,否,专业护理,,,,可穿戴神经调节设备治疗急迫性尿失禁
Avation Medical,,养老服务|医疗健康|消费品,专业护理|健康管理|智能硬件,智能硬件,否,智能硬件,,,,可穿戴神经调节设备治疗急迫性尿失禁
Axle Health,,医疗健康,健康管理,健康管理,否,健康管理,,,,面向家庭健康的调度和劳动力管理平台
because,,养老服务,专业护理,专业护理,否,专业护理,,,,膀胱渗漏商品品牌
Beta Bionics,,医疗健康,健康监测|慢病管理,健康监测,否,健康监测,,,,自主胰岛素输送系统
Better Coliving,,养老服务|文娱社交,养老社区|文娱|社交平台,文娱,否,文娱,,,,老年版Airbnb
Better Coliving,,养老服务|文娱社交,养老社区|文娱|社交平台,社交平台,否,社交平台,,,,老年版Airbnb
Biomotum,,医疗健康|智能科技|消费品,康复医疗|智能硬件|机器人,智能硬件,否,智能硬件,,,,智能辅助设备优化人类移动性，双脚电动自行车技术
Bioniq,,文娱社交|食品营养,文娱|社交平台|营养食品,文娱,否,文娱,,,,AI驱动的个性化补充剂，最多53种成分混合
Bioniq,,文娱社交|食品营养,文娱|社交平台|营养食品,社交平台,否,社交平台,,,,AI驱动的个性化补充剂，最多53种成分混合
Bone Health Technologies,,医疗健康,健康管理|慢病管理,健康管理,否,健康管理,,,,OsteoBoost振动带预防和治疗骨质疏松症，收购Wellen
BrainCheck,,医疗健康|智能科技,AI科技|认知症,认知症,否,认知症,,,,数字认知大脑健康评估工具，游戏化认知评估
BrightSpring Health,,养老服务,居家护理,居家护理,否,居家护理,,,,家庭保健提供商，收购多家组织
Brightview Senior Living,,养老服务|医疗健康,养老机构|认知症,认知症,否,认知症,,,,痴呆症护理养老院，成立于1999年
Care Continuity,,养老服务|智能科技,专业护理|护理平台|数字化,专业护理,否,专业护理,,,,软件+礼宾服务帮助患者护理导航和过渡
CareBridge,,养老服务|文娱社交,居家护理|文娱|社交平台,居家护理,否,居家护理,,,,高风险患者居家和虚拟医疗，2023年Inc.5000榜首，收入8.73亿
CareBridge,,养老服务|文娱社交,居家护理|文娱|社交平台,文娱,否,文娱,,,,高风险患者居家和虚拟医疗，2023年Inc.5000榜首，收入8.73亿
CareBridge,,养老服务|文娱社交,居家护理|文娱|社交平台,社交平台,否,社交平台,,,,高风险患者居家和虚拟医疗，2023年Inc.5000榜首，收入8.73亿
CareCentrix,,养老服务,专业护理|居家护理,居家护理,否,居家护理,,,,成立于1996年，家庭护理服务提供商
CareCentrix,,养老服务,专业护理|居家护理,专业护理,否,专业护理,,,,成立于1996年，家庭护理服务提供商
Caredoc,,养老服务,居家护理,居家护理,否,居家护理,,,,韩国排名第一的老年护理品牌
Careforth,,养老服务,专业护理|护理平台,专业护理,否,专业护理,,,,为家庭照顾者提供帮助
Carefull,,文娱社交|金融保险,养老金融|文娱|社交平台,文娱,否,文娱,,,,AI帮助银行和理财顾问保护老年客户免受金融诈骗
Carefull,,文娱社交|金融保险,养老金融|文娱|社交平台,社交平台,否,社交平台,,,,AI帮助银行和理财顾问保护老年客户免受金融诈骗
Caregiver Media Group,,养老服务|文娱社交,居家护理|行业媒体,居家护理,否,居家护理,,,,《今日护理员》杂志，护理书籍和会议
Carl,,医疗健康|消费品,康复医疗|智能硬件|认知症,认知症,否,认知症,,,,痴呆症友好型设备开发商，简化护理管理
Carl,,医疗健康|消费品,康复医疗|智能硬件|认知症,智能硬件,否,智能硬件,,,,痴呆症友好型设备开发商，简化护理管理
Center Well,,养老服务|医疗健康,专业护理|健康管理,健康管理,是,健康管理,远程医疗,诊所/基层医疗非泛健康管理,,Humana将老年护理诊所和Kindred at Home整合为CenterWell品牌
Center Well,,养老服务|医疗健康,专业护理|健康管理,专业护理,否,专业护理,,,,Humana将老年护理诊所和Kindred at Home整合为CenterWell品牌
ChenMed,,医疗健康,健康管理,健康管理,否,健康管理,,,,Oak Street竞争对手，强调更高医患配比和医生强化培训
Citizen Health,,医疗健康,健康管理,健康管理,否,健康管理,,,,AI消费者健康平台，构建全面知识库
Cityblock Health,,医疗健康|文娱社交,慢病管理|文娱|社交平台,文娱,否,文娱,,,,服务不足社区的复杂疾病提供商，估值57亿美元，年收入超10亿
Cityblock Health,,医疗健康|文娱社交,慢病管理|文娱|社交平台,社交平台,否,社交平台,,,,服务不足社区的复杂疾病提供商，估值57亿美元，年收入超10亿
Clara Home Care,,养老服务,居家护理|护理平台,居家护理,否,居家护理,,,,在线平台连接需要居家护理的家庭与护理人员
Clever Care Health Plan,,金融保险,产业资本|保险,产业资本,是,产业资本,保险,产业资本为背景标签，真实业务为保险（建议移除）,,文化包容性Medicare Advantage计划，东方福利
Cohere Health,,医疗健康,健康管理,健康管理,否,健康管理,,,,AI简化健康计划和提供商的事先授权
Compassus,,养老服务|医疗健康,临终关怀|居家护理,居家护理,否,居家护理,,,,美国家庭护理领先者，提供家庭保健、输液治疗、姑息治疗和临终关怀
Concerto Care,,养老服务,专业护理|居家护理,居家护理,否,居家护理,,,,家庭护理服务提供商
Concerto Care,,养老服务,专业护理|居家护理,专业护理,否,专业护理,,,,家庭护理服务提供商
Credo Health,,文娱社交|智能科技,数字化|文娱|社交平台,文娱,否,文娱,,,,AI医疗记录收集和分析，促进价值型护理
Credo Health,,文娱社交|智能科技,数字化|文娱|社交平台,社交平台,否,社交平台,,,,AI医疗记录收集和分析，促进价值型护理
CVS Health,,医疗健康,健康管理,健康管理,否,健康管理,,,,收购Oak Street Health、Amedisys等，布局老年护理
Daughterhood,,养老服务|文娱社交,护理平台|文娱|社交平台,文娱,否,文娱,,,,为照顾年长父母的看护人提供支持，书籍推荐
Daughterhood,,养老服务|文娱社交,护理平台|文娱|社交平台,社交平台,否,社交平台,,,,为照顾年长父母的看护人提供支持，书籍推荐
DigitalOwl,,文娱社交|智能科技,AI科技|社交平台,社交平台,否,社交平台,,,,AI和机器学习为付款人提供医疗文件分析
Dimer Health,,医疗健康,健康管理,健康管理,否,健康管理,,,,机器学习预测哪些患者有再入院风险
DoorSpace,,医疗健康,健康管理,健康管理,否,健康管理,,,,医疗保健领域首个员工关系管理系统
eargym,,文娱社交|消费品,助听器|文娱|社交平台,文娱,否,文娱,,,,个性化听力健康伴侣APP，沉浸式游戏提高听力
eargym,,文娱社交|消费品,助听器|文娱|社交平台,社交平台,否,社交平台,,,,个性化听力健康伴侣APP，沉浸式游戏提高听力
Elidah,,养老服务|医疗健康|消费品,专业护理|康复医疗|智能硬件,专业护理,否,专业护理,,,,Elitone治疗压力性尿失禁的非侵入性方法
Elidah,,养老服务|医疗健康|消费品,专业护理|康复医疗|智能硬件,智能硬件,否,智能硬件,,,,Elitone治疗压力性尿失禁的非侵入性方法
Ellipsis Health,,文娱社交|智能科技,AI科技|文娱|社交平台,文娱,否,文娱,,,,融资很高，不是面向老人的
Ellipsis Health,,文娱社交|智能科技,AI科技|文娱|社交平台,社交平台,否,社交平台,,,,融资很高，不是面向老人的
ElliQ,,文娱社交,文娱|社交平台,文娱,是,文娱,陪伴机器人,实为陪伴机器人,,ElliQ是以色列Intuition Robotics开发的AI老年社交陪伴机器人，能主动发起对话、提醒服药、推荐活动，
ElliQ,,文娱社交,文娱|社交平台,社交平台,是,社交平台,陪伴机器人,实为陪伴机器人,,ElliQ是以色列Intuition Robotics开发的AI老年社交陪伴机器人，能主动发起对话、提醒服药、推荐活动，
Embr Labs,,养老服务|医疗健康,健康监测|适老化,健康监测,否,健康监测,,,,通过温度解决健康问题，管理潮热、睡眠、压力
Embr Labs,,养老服务|医疗健康,健康监测|适老化,适老化,否,适老化,,,,通过温度解决健康问题，管理潮热、睡眠、压力
Family First,,养老服务|金融保险,专业护理|产业资本|护理平台,专业护理,否,专业护理,,,,与雇主和保险公司合作提供护理支持
Family First,,养老服务|金融保险,专业护理|产业资本|护理平台,产业资本,是,产业资本,专业护理,产业资本为背景标签，真实业务为专业护理（建议移除）,,与雇主和保险公司合作提供护理支持
findhelp,,养老服务|医疗健康,SODH|专业护理,专业护理,否,专业护理,,,,"美国领先的社会护理网络，536,269个计划地点"
flyte,,养老服务,专业护理,专业护理,否,专业护理,,,,尿失禁治疗科技服务商
Friendi.fi,,文娱社交,文娱|社交平台|陪伴机器人,文娱,否,文娱,,,,生成式AI模型提供高信任度对话关系
Friendi.fi,,文娱社交,文娱|社交平台|陪伴机器人,社交平台,否,社交平台,,,,生成式AI模型提供高信任度对话关系
Gather Health,,养老服务|医疗健康,SODH|居家护理,居家护理,否,居家护理,,,,为老年人提供社会初级保健，面对面+虚拟
GeoH,,养老服务|智能科技,专业护理|照护系统,专业护理,否,专业护理,,,,家庭护理管理和支付软件
GetSetUp,,文娱社交,教育|文娱,文娱,否,文娱,,,,线上老年学习与社交融合，疫情后爆发式增长
Glooko,,医疗健康,健康监测|慢病管理,健康监测,否,健康监测,,,,为慢性疾病患者提供医疗技术和联网医疗平台
GoodRx,,医疗健康,健康管理|药品,健康管理,是,健康管理,药品,中医/中药/处方药属药品,,比较不同药店处方药价格，已上市
Grace,,养老服务|女性健康,专业护理|女性健康服务,专业护理,否,专业护理,,,,专为女性设计的可持续健康品牌，膀胱渗漏
Grayce,,养老服务|医疗健康,SODH|专业护理,专业护理,否,专业护理,,,,综合性社会护理平台，数字工具+社会工作者专业知识
GroundGame Health/SameSky Health,,医疗健康,健康管理,健康管理,否,健康管理,,,,为医疗资源匮乏的患者提供医疗服务，合并
Growl,,文娱社交,健身|文娱|社交平台,文娱,否,文娱,,,,家庭健身AI互动拳击教练，面向全年龄段
Growl,,文娱社交,健身|文娱|社交平台,社交平台,否,社交平台,,,,家庭健身AI互动拳击教练，面向全年龄段
Hamilton Health Box,,医疗健康,健康管理,健康管理,是,健康管理,远程医疗,诊所/基层医疗非泛健康管理,,微型诊所在医疗资源匮乏地区提供初级保健
Harbor Health,,医疗健康,健康管理,健康管理,是,健康管理,远程医疗,诊所/基层医疗非泛健康管理,,初级和专科诊所集团
HarmonyCares,,养老服务|医疗健康,健康管理|居家护理,健康管理,是,健康管理,远程医疗,诊所/基层医疗非泛健康管理,,家庭初级保健提供商，15个州7万+患者
HarmonyCares,,养老服务|医疗健康,健康管理|居家护理,居家护理,否,居家护理,,,,家庭初级保健提供商，15个州7万+患者
Hazel,,养老服务,专业护理,专业护理,否,专业护理,,,,为40-70岁女性开发现代失禁尿布
HealthArc,,养老服务|医疗健康,专业护理|护理平台|远程医疗,专业护理,否,专业护理,,,,远程患者监控、护理和协调平台
HealthSnap,,养老服务|医疗健康,专业护理|慢病管理|虚拟护理,专业护理,否,专业护理,,,,慢性病管理的虚拟护理管理平台
Hedia,,医疗健康,健康监测|慢病管理,健康监测,否,健康监测,,,,糖尿病管理数字疗法，糖尿病助手
Hello Heart,,医疗健康,健康监测|慢病管理,健康监测,否,健康监测,,,,心脏健康管理，无线血压袖带+APP跟踪
hellocare.ai,,养老服务|智能科技,AI科技|专业护理|虚拟护理,专业护理,否,专业护理,,,,AI辅助虚拟护理服务，主要服务医院
Help-full,,文娱社交,文娱|陪伴服务,文娱,否,文娱,,,,将老年人与有共同兴趣的人配对，做饭、洗衣等
Helper bees,,养老服务,居家护理|适老化,居家护理,否,居家护理,,,,技术平台，连接保险公司与非医疗居家服务提供商，服务覆盖43家大型支付方和2万+服务商，涵盖居家护理、适老化改造、送餐、保
Helper bees,,养老服务,居家护理|适老化,适老化,否,适老化,,,,技术平台，连接保险公司与非医疗居家服务提供商，服务覆盖43家大型支付方和2万+服务商，涵盖居家护理、适老化改造、送餐、保
Heyday Health,,养老服务|金融保险,产业资本|居家护理,居家护理,否,居家护理,,,,虚拟价值型医疗服务，Medicare和双重合格患者
Heyday Health,,养老服务|金融保险,产业资本|居家护理,产业资本,是,产业资本,居家护理,产业资本为背景标签，真实业务为居家护理（建议移除）,,虚拟价值型医疗服务，Medicare和双重合格患者
Hibiscus Health,,医疗健康,健康监测|慢病管理,健康监测,否,健康监测,,,,面部血流分析技术30秒检测早期糖尿病风险
HiDO,,医疗健康|消费品,健康管理|康复医疗|智能硬件,健康管理,否,健康管理,,,,患者友好型设备+移动APP，用药自动化
HiDO,,医疗健康|消费品,健康管理|康复医疗|智能硬件,智能硬件,否,智能硬件,,,,患者友好型设备+移动APP，用药自动化
Homeage,,医疗健康,健康管理,健康管理,否,健康管理,,,,健康管理服务平台
Hyfe AI,,医疗健康,健康监测,健康监测,否,健康监测,,,,AI咳嗽检测和分类，7亿+样本，55岁以上占74%
Ilant Health,,医疗健康,健康管理,健康管理,否,健康管理,,,,基于价值的肥胖管理和心脏代谢健康
InHome Therapy,,养老服务|医疗健康|消费品,居家护理|康复医疗|智能硬件,居家护理,否,居家护理,,,,家庭护理和康复提供商
InHome Therapy,,养老服务|医疗健康|消费品,居家护理|康复医疗|智能硬件,智能硬件,否,智能硬件,,,,家庭护理和康复提供商
Isaac Health,,医疗健康,认知症,认知症,否,认知症,,,,虚拟大脑健康和痴呆症护理数字健康初创公司
Jellydrops,,医疗健康,认知症,认知症,否,认知症,,,,无糖零食，95%水+电解质，促进补水
JOGO Health,,医疗健康|消费品|精神健康,心理健康服务|慢病管理|智能硬件,智能硬件,否,智能硬件,,,,利用大脑神经可塑性治疗慢性疼痛和失禁，FDA批准
joyforall,,医疗健康|文娱社交,文娱|认知症,认知症,否,认知症,,,,宠物机器人，为阿尔茨海默症或痴呆患者带来舒适和陪伴
joyforall,,医疗健康|文娱社交,文娱|认知症,文娱,是,文娱,认知症,真实业务更贴合认知症,,宠物机器人，为阿尔茨海默症或痴呆患者带来舒适和陪伴
Kalogon,,消费品,日用|智能硬件,智能硬件,否,智能硬件,,,,智能坐垫预防轮椅使用者压疮
Keep Company,,养老服务,专业护理,专业护理,否,专业护理,,,,帮助雇主量化和留住身为护理人员的员工
Kins,,养老服务|医疗健康,专业护理|健康管理|居家护理,健康管理,否,健康管理,,,,虚拟+面对面物理治疗，NPS达92
Kins,,养老服务|医疗健康,专业护理|健康管理|居家护理,居家护理,否,居家护理,,,,虚拟+面对面物理治疗，NPS达92
Kins,,养老服务|医疗健康,专业护理|健康管理|居家护理,专业护理,否,专业护理,,,,虚拟+面对面物理治疗，NPS达92
Kinto,,医疗健康|文娱社交|智能科技,AI科技|社交平台|认知症,认知症,否,认知症,,,,AI支持平台，照顾痴呆症亲人，被Rippl收购
Kinto,,医疗健康|文娱社交|智能科技,AI科技|社交平台|认知症,社交平台,否,社交平台,,,,AI支持平台，照顾痴呆症亲人，被Rippl收购
Koda Health,,养老服务,专业护理|护理平台,专业护理,否,专业护理,,,,数字化提前护理计划解决方案
Labrador Systems,,养老服务|智能科技,机器人|适老化,适老化,否,适老化,,,,日常辅助机器人，送餐、洗衣服等
Ladder,,文娱社交,健身|文娱,文娱,否,文娱,,,,虚拟力量训练，每月29.99美元订阅
LifeBio,,文娱社交|精神健康,心理健康服务|文娱,文娱,否,文娱,,,,AI回忆疗法平台，收集和分享老年人生活故事，获NIA资助
LifeLoop,,养老服务|文娱社交,养老社区|文娱|社交平台,文娱,否,文娱,,,,面向养老社区的综合管理和活动组织工具，4700+社区
LifeLoop,,养老服务|文娱社交,养老社区|文娱|社交平台,社交平台,否,社交平台,,,,面向养老社区的综合管理和活动组织工具，4700+社区
Lilli,,医疗健康|文娱社交|消费品,社交平台|智能硬件|远程医疗,智能硬件,否,智能硬件,,,,AI远程监控设备，支持家庭护理，9:1投资回报率
Lilli,,医疗健康|文娱社交|消费品,社交平台|智能硬件|远程医疗,社交平台,否,社交平台,,,,AI远程监控设备，支持家庭护理，9:1投资回报率
Linus Health,,医疗健康,认知症,认知症,否,认知症,,,,数字健康解决方案，早期发现阿尔茨海默症，收购Aural Analytics
Lotus Ring,,养老服务|消费品,智能硬件|适老化,适老化,否,适老化,,,,戴在手指上的遥控器，红外线控制灯光、风扇等
Lotus Ring,,养老服务|消费品,智能硬件|适老化,智能硬件,否,智能硬件,,,,戴在手指上的遥控器，红外线控制灯光、风扇等
LUCID (Resonance Rx),,医疗健康|文娱社交,文娱|认知症,认知症,否,认知症,,,,AI音乐疗法、音频认知行为疗法和认知游戏
LUCID (Resonance Rx),,医疗健康|文娱社交,文娱|认知症,文娱,否,文娱,,,,AI音乐疗法、音频认知行为疗法和认知游戏
Marta,,养老服务,居家护理|护理平台,居家护理,否,居家护理,,,,直接连接护理人员，寻找居家护理人员
Medisafe,,医疗健康,健康管理,健康管理,否,健康管理,,,,药物管理APP，可视化时间表+提醒
MedMinder,,消费品,智能硬件,智能硬件,是,智能硬件,健康管理,智能药盒/用药管理属健康管理,,联网药房护理，触摸屏自动药丸分配器
Meela,,文娱社交,文娱|社交平台|陪伴机器人,文娱,否,文娱,,,,老年人AI语音伴侣，通过电话提供AI陪伴，B2B订阅模式
Meela,,文娱社交,文娱|社交平台|陪伴机器人,社交平台,否,社交平台,,,,老年人AI语音伴侣，通过电话提供AI陪伴，B2B订阅模式
Mend,,文娱社交|食品营养,文娱|社交平台|营养食品,文娱,否,文娱,,,,AI驱动的营养平台，营养补充剂+数字平台
Mend,,文娱社交|食品营养,文娱|社交平台|营养食品,社交平台,否,社交平台,,,,AI驱动的营养平台，营养补充剂+数字平台
Menolabs,,女性健康|食品营养,保健品|女性健康服务|更年期,保健品,否,保健品,,,,更年期保健产品，被Dr. Reddy's收购
Metyos,,医疗健康|消费品,慢病管理|智能硬件,智能硬件,否,智能硬件,,,,慢性肾病监测设备，类似FreeStyle Libre
Midi Health,,养老服务|女性健康,专业护理|更年期|虚拟护理,专业护理,否,专业护理,,,,最快发展的虚拟护理诊所，专门服务绝经期女性
Miihealth,,文娱社交,文娱|社交平台|陪伴机器人,文娱,否,文娱,,,,对话式AI健康伴侣，结合传感器和智能手表
Miihealth,,文娱社交,文娱|社交平台|陪伴机器人,社交平台,否,社交平台,,,,对话式AI健康伴侣，结合传感器和智能手表
MindAhead,,医疗健康|精神健康,心理健康服务|认知症,认知症,否,认知症,,,,基于行为激活的治疗应用程序，轻度认知障碍和痴呆症
MindMics,,医疗健康,健康监测|慢病管理,健康监测,否,健康监测,,,,日常耳机改造成健康监测器，次声波技术心血管监测
Modivcare,,养老服务|医疗健康,SODH|专业护理|远程医疗,专业护理,否,专业护理,,,,非紧急医疗运输、个人护理服务和远程患者监控
Moneta Health,,医疗健康|消费品,认知训练|智能硬件,智能硬件,否,智能硬件,,,,AI辅助认知康复虚拟诊所，基于医疗保险报销，平均认知改善18%
Monogram Health,,养老服务|医疗健康,居家护理|慢病管理,居家护理,否,居家护理,,,,多种慢性疾病居家护理，2023年收入近22亿美元
More Life Health,,医疗健康,健康管理,健康管理,否,健康管理,,,,老年人在线锻炼
myo,,文娱社交|智能科技,数字化|文娱|社交平台,文娱,否,文娱,,,,通信和服务APP，护理机构、家庭和服务商数字通信
myo,,文娱社交|智能科技,数字化|文娱|社交平台,社交平台,否,社交平台,,,,通信和服务APP，护理机构、家庭和服务商数字通信
Navel,,文娱社交,文娱|陪伴机器人,文娱,否,文娱,,,,下一代社交机器人，在德国多家养老院使用
NeoSilver,,文娱社交,文娱,文娱,否,文娱,,,,解决老年人孤独问题的法国平台
NeuroClues,,医疗健康|消费品,健康管理|智能硬件|认知症,健康管理,否,健康管理,,,,眼动追踪设备检测神经退行性疾病，帕金森筛查
NeuroClues,,医疗健康|消费品,健康管理|智能硬件|认知症,认知症,否,认知症,,,,眼动追踪设备检测神经退行性疾病，帕金森筛查
NeuroClues,,医疗健康|消费品,健康管理|智能硬件|认知症,智能硬件,否,智能硬件,,,,眼动追踪设备检测神经退行性疾病，帕金森筛查
NeuroNation,,医疗健康,认知症,认知症,否,认知症,,,,强化大脑，日常记忆训练
NexStride,,养老服务|消费品,智能硬件|适老化,适老化,否,适老化,,,,小型设备连接助行器，灯光和声音信号帮助行走
NexStride,,养老服务|消费品,智能硬件|适老化,智能硬件,否,智能硬件,,,,小型设备连接助行器，灯光和声音信号帮助行走
Nice healthcare,,养老服务,居家护理,居家护理,否,居家护理,,,,虚拟/上门初级保健、物理治疗和慢性护理管理
Nobi,,医疗健康|消费品,健康监测|智能硬件,健康监测,否,健康监测,,,,智能灯跌倒检测，销往21个国家
Nobi,,医疗健康|消费品,健康监测|智能硬件,智能硬件,否,智能硬件,,,,智能灯跌倒检测，销往21个国家
Omena,,医疗健康|女性健康,健康管理|女性健康服务|更年期,健康管理,否,健康管理,,,,女性健康和保健数字健康平台
One Medical,,养老服务|医疗健康,健康管理|养老社区,健康管理,是,健康管理,远程医疗,诊所/基层医疗非泛健康管理,,会员制初级保健机构，2023年被亚马逊收购
OneStep,,医疗健康,健康监测,健康监测,否,健康监测,,,,利用智能手机传感器分析人的步态
OrCam MyEye 3 Pro,,养老服务|消费品,眼镜|适老化,适老化,否,适老化,,,,智能放大镜，读出文本、识别面部和产品
Oshi Health,,医疗健康,健康管理|慢病管理,健康管理,否,健康管理,,,,虚拟方式提供消化系统健康全面护理
Pallie AI,,文娱社交,文娱|社交平台|陪伴机器人,文娱,否,文娱,,,,支持健康和福祉的人工智能伴侣产品
Pallie AI,,文娱社交,文娱|社交平台|陪伴机器人,社交平台,否,社交平台,,,,支持健康和福祉的人工智能伴侣产品
PanTheryx,,医疗健康,健康管理,健康管理,否,健康管理,,,,利用牛初乳的细胞和生物分子
PeopleOne Health,,养老服务|医疗健康,专业护理|健康管理,健康管理,否,健康管理,,,,以雇主为中心的预防性护理混合医疗服务提供商
PeopleOne Health,,养老服务|医疗健康,专业护理|健康管理,专业护理,否,专业护理,,,,以雇主为中心的预防性护理混合医疗服务提供商
Pillo Health,,医疗健康,健康管理,健康管理,否,健康管理,,,,帮助老人科学用药、买正版药
Punto Health,,医疗健康|文娱社交|智能科技,AI科技|社交平台|认知症,认知症,否,认知症,,,,AI驱动综合平台改善痴呆症患者及其家人护理
Punto Health,,医疗健康|文娱社交|智能科技,AI科技|社交平台|认知症,社交平台,否,社交平台,,,,AI驱动综合平台改善痴呆症患者及其家人护理
Pyx Health,,养老服务|文娱社交,专业护理|文娱|陪伴机器人,专业护理,否,专业护理,,,,为老人提供虚拟陪伴和支持，2024年Inc.5000第517名
Pyx Health,,养老服务|文娱社交,专业护理|文娱|陪伴机器人,文娱,否,文娱,,,,为老人提供虚拟陪伴和支持，2024年Inc.5000第517名
RapidClaims,,医疗健康|智能科技,AI科技|健康管理,健康管理,否,健康管理,,,,AI帮助医疗服务提供商实现医疗编码自动化
Redi Health,,医疗健康,健康管理,健康管理,否,健康管理,,,,连接制药公司、医疗保健提供商和患者
reev.care,,养老服务|医疗健康|消费品,康复医疗|智能硬件|适老化,适老化,是,适老化,康复医疗,真实业务更贴合康复医疗,,帮助中风、多发性硬化症后神经步态障碍患者
reev.care,,养老服务|医疗健康|消费品,康复医疗|智能硬件|适老化,智能硬件,否,智能硬件,,,,帮助中风、多发性硬化症后神经步态障碍患者
RETISPEC,,医疗健康,认知症,认知症,否,认知症,,,,通过视网膜成像早期检测阿尔茨海默病
Rune Labs,,医疗健康|智能科技|精神健康,心理健康服务|数字化|认知症,认知症,否,认知症,,,,为神经退行性疾病提供精准神经学SaaS解决方案
RxDiet,,文娱社交|智能科技,AI科技|文娱|社交平台,文娱,否,文娱,,,,AI制定医学定制饮食计划，新鲜食材+行为支持
RxDiet,,文娱社交|智能科技,AI科技|文娱|社交平台,社交平台,否,社交平台,,,,AI制定医学定制饮食计划，新鲜食材+行为支持
SafelyYou,,养老服务|医疗健康,专业护理|健康监测|认知症,健康监测,否,健康监测,,,,为痴呆症护理提供跌倒检测和预防技术
SafelyYou,,养老服务|医疗健康,专业护理|健康监测|认知症,认知症,否,认知症,,,,为痴呆症护理提供跌倒检测和预防技术
SafelyYou,,养老服务|医疗健康,专业护理|健康监测|认知症,专业护理,否,专业护理,,,,为痴呆症护理提供跌倒检测和预防技术
Sage Inc.,,养老服务,专业护理|护理平台,专业护理,否,专业护理,,,,帮助护理人员记录居民健康状况，管理任务
Sava,,医疗健康,健康监测|慢病管理,健康监测,否,健康监测,,,,下一代连续血糖监测仪，侵入性更小更便宜
Savaria Corporation,萨瓦瑞亚,养老服务|消费品,智能硬件|适老化|适老化改造,适老化,否,适老化,,,,无障碍设备设计制造，2023年收入约8.37亿美元
Savaria Corporation,萨瓦瑞亚,养老服务|消费品,智能硬件|适老化|适老化改造,智能硬件,否,智能硬件,,,,无障碍设备设计制造，2023年收入约8.37亿美元
SeniorCare.com,,文娱社交,文娱|社交平台,文娱,否,文娱,,,,老年护理信息平台
SeniorCare.com,,文娱社交,文娱|社交平台,社交平台,否,社交平台,,,,老年护理信息平台
SeniorHousingLiving,,养老服务|医疗健康|文娱社交,健康管理|居家护理|行业媒体,健康管理,否,健康管理,,,,老年住房、健康、技术等内容，给护理交易引流
SeniorHousingLiving,,养老服务|医疗健康|文娱社交,健康管理|居家护理|行业媒体,居家护理,否,居家护理,,,,老年住房、健康、技术等内容，给护理交易引流
Seniors Helping Seniors,,文娱社交,就业|文娱|社交平台,文娱,否,文娱,,,,寻找积极老年护理人员与需要帮助的人匹配
Seniors Helping Seniors,,文娱社交,就业|文娱|社交平台,社交平台,否,社交平台,,,,寻找积极老年护理人员与需要帮助的人匹配
SeniorSafetyAdvice,,养老服务|医疗健康|文娱社交,健康管理|居家护理|行业媒体,健康管理,否,健康管理,,,,为老年人及护理人员提供安全健康信息
SeniorSafetyAdvice,,养老服务|医疗健康|文娱社交,健康管理|居家护理|行业媒体,居家护理,否,居家护理,,,,为老年人及护理人员提供安全健康信息
Senpai,,文娱社交,文娱|陪伴机器人,文娱,是,文娱,陪伴机器人,实为陪伴机器人,,具有语音功能的数字伴侣，社交陪伴、提醒服药
Sensi.AI,,医疗健康,健康监测,健康监测,否,健康监测,,,,音频AI监控老年人健康，美国80%+大型家庭护理网络使用
Sharecare,,医疗健康,健康管理,健康管理,否,健康管理,,,,拥有CareLinx家庭护理平台的数字健康公司
SiftWell Analytics,,养老服务|医疗健康,智慧养老|认知症,认知症,否,认知症,,,,AI人口健康平台，识别高风险个人提高质量分数
Signify Health,,医疗健康,健康监测,健康监测,否,健康监测,,,,家庭健康评估，强调预防，会员平均年龄71岁
Sit and Be Fit,,文娱社交,健身|文娱,文娱,否,文娱,,,,1985年创立，低冲击锻炼计划
Sollis Health,,养老服务|医疗健康|文娱社交,养老社区|社交平台|远程医疗,社交平台,否,社交平台,,,,24/7按需医疗会员制，面对面+远程
SomaReality,,医疗健康,健康管理|认知症,健康管理,否,健康管理,,,,基于眼动追踪的数字生物标记，实时监测认知过程
SomaReality,,医疗健康,健康管理|认知症,认知症,否,认知症,,,,基于眼动追踪的数字生物标记，实时监测认知过程
Somnee,,医疗健康|智能科技,健康监测|睡眠科技,健康监测,否,健康监测,,,,AI驱动神经技术改善睡眠，非专门面向老人
SpinSci,,医疗健康,健康管理,健康管理,否,健康管理,,,,AI驱动改善患者互动和简化工作流程
Starling Medical,,医疗健康|消费品,慢病管理|智能硬件|远程医疗,智能硬件,否,智能硬件,,,,家用尿液分析设备远程监控慢性病
Steadiwear,,养老服务|消费品,日用|适老化,适老化,否,适老化,,,,帕金森手套，减少手部颤抖
Stitch,,文娱社交,文娱,文娱,否,文娱,,,,帮助50岁以上的人找到陪伴和建立社交联系
Stripes Beauty,,女性健康|食品营养,保健品|女性健康服务|更年期,保健品,否,保健品,,,,Naomi Watts创立，针对更年期需求，被收购
Strive Health,,养老服务|医疗健康,专业护理|慢病管理,专业护理,否,专业护理,,,,价值型肾脏护理领域全国领导者
Sugar.fit,,医疗健康,健康监测|慢病管理,健康监测,否,健康监测,,,,数字健康解决方案，解决2型糖尿病和糖尿病前期
Swift Medical,,养老服务|智能科技,专业护理|数字化,专业护理,否,专业护理,,,,数字伤口护理管理，AI技术
Switchboard Health,,养老服务,居家护理,居家护理,否,居家护理,,,,识别和协调高价值的专业护理服务
Talkiatry,,医疗健康|消费品|精神健康,心理健康服务|智能硬件|认知症,认知症,否,认知症,,,,精神科护理初创公司
Talkiatry,,医疗健康|消费品|精神健康,心理健康服务|智能硬件|认知症,智能硬件,否,智能硬件,,,,精神科护理初创公司
Tennr,,医疗健康,健康管理,健康管理,否,健康管理,,,,医疗保健领域传真通信现代化
Thinkie,,医疗健康,认知症,认知症,否,认知症,,,,经科学验证的大脑训练传感器，使用3个月大脑年龄减少3.7岁
Together by Renee,,医疗健康,健康管理,健康管理,否,健康管理,,,,拍摄处方照片管理药物，AI读取保险覆盖
Toi Labs,,消费品,日用|智能硬件,智能硬件,否,智能硬件,,,,TrueLoo智能马桶座，光学传感器分析马桶活动
Tomorrow Health,,养老服务,专业护理,专业护理,否,专业护理,,,,简化家庭护理流程，匹配高质量供应商
Transcarent,,医疗健康,健康管理,健康管理,否,健康管理,,,,整合医疗、外科、药房和心理健康护理的平台，估值22亿美元
Tuesday Health,,养老服务|医疗健康,临终关怀|居家护理,居家护理,否,居家护理,,,,虚拟临终关怀提供商，为重病患者提供全人护理
Tuned,,文娱社交|消费品,助听器|文娱|社交平台,文娱,否,文娱,,,,结合AI和智能助听器改善听力质量
Tuned,,文娱社交|消费品,助听器|文娱|社交平台,社交平台,否,社交平台,,,,结合AI和智能助听器改善听力质量
Unfabled,,消费品|渠道零售|食品营养,日用|保健品|零售,保健品,否,保健品,,,,在线市场，女性健康和保健产品
UnitedHealth Group (UHG),,医疗健康,健康管理,健康管理,否,健康管理,,,,通过Optum收购多家医生团体，布局价值型护理
Upward Health,,养老服务|医疗健康,居家护理|慢病管理,居家护理,否,居家护理,,,,面向复杂疾病患者，由商业保险、医疗保险、医疗补助100%付款
Vayyar,万蕴,医疗健康,健康监测,健康监测,否,健康监测,,,,4D成像雷达，非侵入式全面环境监测，隐私保护
vermut,,文娱社交,文娱|社交平台,文娱,否,文娱,,,,社交网络平台APP，发布活动、聚会
vermut,,文娱社交,文娱|社交平台,社交平台,否,社交平台,,,,社交网络平台APP，发布活动、聚会
Vi Health,,女性健康|文娱社交,女性健康服务|社交平台,社交平台,否,社交平台,,,,为更年期女性提供量身定制的支持APP
Videra Health,,养老服务|医疗健康,健康管理|智慧养老,健康管理,否,健康管理,,,,AI检测面部表情和肢体语言变化筛查心理健康
Virtuleap,,医疗健康,认知症|认知训练,认知症,否,认知症,,,,VR和AI提升认知治疗和诊断，产品Enhance VR和Cogniclear VR
Vitable,,医疗健康,健康管理,健康管理,是,健康管理,远程医疗,诊所/基层医疗非泛健康管理,,为小型雇主提供初级保健服务，每月30美元/员工
Vivo,,医疗健康,健康管理,健康管理,否,健康管理,,,,在线锻炼，现场教练授课，帮助老人重建肌肉
Voiceitt,,养老服务|文娱社交,文娱|社交平台|适老化,适老化,否,适老化,,,,言语障碍人士的语音AI解决方案
Voiceitt,,养老服务|文娱社交,文娱|社交平台|适老化,文娱,否,文娱,,,,言语障碍人士的语音AI解决方案
Voiceitt,,养老服务|文娱社交,文娱|社交平台|适老化,社交平台,否,社交平台,,,,言语障碍人士的语音AI解决方案
Vori Health,,医疗健康,健康管理,健康管理,否,健康管理,,,,虚拟/面对面肌肉骨骼护理
Voxela,,养老服务|医疗健康,健康监测|智慧养老,健康监测,否,健康监测,,,,AI图像分析检测跌倒和走动，护理机构和医院
Vyld,,养老服务,专业护理,专业护理,否,专业护理,,,,海藻卫生棉条和可堆肥尿布
VyncaCare,,养老服务|医疗健康,专业护理|临终关怀,专业护理,否,专业护理,,,,姑息治疗、高级护理计划和增强护理管理
Waterlily,,养老服务|文娱社交,智慧养老|社交平台,社交平台,否,社交平台,,,,AI预测长期护理需求，个性化定制护理计划
Welbi,,养老服务|医疗健康,健康管理|养老机构,健康管理,否,健康管理,,,,专注于养老院和退休护理社区的健康管理
Wesper,,医疗健康,健康监测|认知症,健康监测,否,健康监测,,,,家用睡眠测试和呼吸暂停诊断，FDA批准
Wesper,,医疗健康,健康监测|认知症,认知症,否,认知症,,,,家用睡眠测试和呼吸暂停诊断，FDA批准
Wheel,,养老服务|智能科技,专业护理|数字化|虚拟护理,专业护理,否,专业护理,,,,帮助临床工作人员的虚拟护理平台
Xander Glasses,,文娱社交|消费品,文娱|眼镜,文娱,否,文娱,,,,将语音翻译成文本并实时显示字幕，AR增强对话
Yurtle,,养老服务|智能科技|金融保险,保险|居家护理|数字化,居家护理,否,居家护理,,,,员工福利平台，护理管理和护理保险
Zen Sleep,,医疗健康,健康监测|认知症,健康监测,否,健康监测,,,,失眠认知行为疗法(CBT-I)应用程序
Zen Sleep,,医疗健康,健康监测|认知症,认知症,否,认知症,,,,失眠认知行为疗法(CBT-I)应用程序
Zinnia,,医疗健康,认知症,认知症,否,认知症,,,,治疗性电视应用，为痴呆症患者提供支持
Ōmcare,,医疗健康,健康管理,健康管理,否,健康管理,,,,一体化家庭健康平台，正确时间正确药物
ŌURA,欧若拉,医疗健康|消费品,健康监测|智能硬件,健康监测,是,健康监测,智能硬件,实体硬件非监测服务,,Oura智能戒指，收集20+种生物特征数据
ŌURA,欧若拉,医疗健康|消费品,健康监测|智能硬件,智能硬件,否,智能硬件,,,,Oura智能戒指，收集20+种生物特征数据
积水房屋 (Sekisui House),积水房屋 (Sekisui House),养老服务,适老化|适老化改造,适老化,否,适老化,,,,住宅改造相关，适老化改造似乎只占一小部分
HealthKart,,食品营养,保健品|营养食品,保健品,否,保健品,,,,印度最大消费者营养平台，蛋白质补充剂
Ivory,,医疗健康,认知症,认知症,否,认知症,,,,大脑健康初创公司，覆盖1500万面临痴呆症风险的印度人
Khyaal,,文娱社交,文娱,文娱,否,文娱,,,,印度老年人超级应用，覆盖300万+老年用户
Seniorworld,,文娱社交,文娱|社交平台,文娱,否,文娱,,,,印度规模最大的老年人社区，20万老年人
Seniorworld,,文娱社交,文娱|社交平台,社交平台,否,社交平台,,,,印度规模最大的老年人社区，20万老年人
Landmark Health,,养老服务,居家护理,居家护理,否,居家护理,,,,为患有多种慢性病的复杂老年患者群体提供居家医疗服务，隶属于Optum/UHG，被Optum以35亿美元收购
Optum (Home & Community),,养老服务|文娱社交,专业护理|居家护理|文娱,居家护理,否,居家护理,,,,UHG旗下Optum Home & Community（含Landmark），深度布局老年居家和社区护理，UHG是最大M
Optum (Home & Community),,养老服务|文娱社交,专业护理|居家护理|文娱,专业护理,否,专业护理,,,,UHG旗下Optum Home & Community（含Landmark），深度布局老年居家和社区护理，UHG是最大M
Optum (Home & Community),,养老服务|文娱社交,专业护理|居家护理|文娱,文娱,否,文娱,,,,UHG旗下Optum Home & Community（含Landmark），深度布局老年居家和社区护理，UHG是最大M
DispatchHealth,,养老服务,专业护理|居家护理,居家护理,否,居家护理,,,,提供上门的紧急和急性护理服务（移动急诊室/居家医院模式），老年人是核心受益者。总融资额约7.3亿美元
DispatchHealth,,养老服务,专业护理|居家护理,专业护理,否,专业护理,,,,提供上门的紧急和急性护理服务（移动急诊室/居家医院模式），老年人是核心受益者。总融资额约7.3亿美元
Medically Home,,养老服务,居家护理,居家护理,否,居家护理,,,,"提供""居家医院""技术和服务平台，赋能医疗系统将急性护理转移到家庭，主要服务老年患者。总融资额约2.7-2.8亿美元"
Iora Health,,养老服务|金融保险,产业资本|护理平台,产业资本,是,产业资本,护理平台,产业资本为背景标签，真实业务为护理平台（建议移除）,,创立之初就专注于老年人(Medicare受益者)的初级保健，强调关系和团队协作。被Amazon通过One Medical
Philips (Lifeline),飞利浦（Lifeline）,养老服务|消费品|金融保险,产业资本|居家护理|智能硬件,居家护理,是,居家护理,智能硬件,真实业务更贴合智能硬件,,飞利浦Lifeline是个人紧急响应系统（PERS）的先驱品牌，提供可穿戴紧急呼叫设备和24/7紧急响应服务，2006年
Philips (Lifeline),飞利浦（Lifeline）,养老服务|消费品|金融保险,产业资本|居家护理|智能硬件,智能硬件,否,智能硬件,,,,飞利浦Lifeline是个人紧急响应系统（PERS）的先驱品牌，提供可穿戴紧急呼叫设备和24/7紧急响应服务，2006年
Philips (Lifeline),飞利浦（Lifeline）,养老服务|消费品|金融保险,产业资本|居家护理|智能硬件,产业资本,否,产业资本,,,,飞利浦Lifeline是个人紧急响应系统（PERS）的先驱品牌，提供可穿戴紧急呼叫设备和24/7紧急响应服务，2006年
Best Buy Health,百思买健康,养老服务|医疗健康,居家护理|慢病管理,居家护理,是,居家护理,慢病管理,真实业务更贴合慢病管理,,提供PERS(Lively)、RPM(Current Health)及技术服务整合(Geek Squad)，主要服务老年
Encompass Health,,养老服务|医疗健康,专业护理|居家护理|远程医疗,居家护理,是,居家护理,康复医疗,真实业务更贴合康复医疗,,上市公司(EHC)，数十亿营收。远程康复、数据分析优化流程，成熟连锁医疗服务体系。海量老年康复/居家患者
Encompass Health,,养老服务|医疗健康,专业护理|居家护理|远程医疗,专业护理,否,专业护理,,,,上市公司(EHC)，数十亿营收。远程康复、数据分析优化流程，成熟连锁医疗服务体系。海量老年康复/居家患者
AccentCare,,养老服务,专业护理|居家护理,居家护理,否,居家护理,,,,PE大额并购支撑，规模头部。以线下服务交付为主，连锁居家机构标准化运营。2019收购，2018融资3.75亿
AccentCare,,养老服务,专业护理|居家护理,专业护理,否,专业护理,,,,PE大额并购支撑，规模头部。以线下服务交付为主，连锁居家机构标准化运营。2019收购，2018融资3.75亿
Right At Home,,养老服务,专业护理|居家护理,居家护理,否,居家护理,,,,Right at Home是居家护理加盟品牌，提供个人护理、companionship、护理管理等服务，在全美和全球拥有
Right At Home,,养老服务,专业护理|居家护理,专业护理,否,专业护理,,,,Right at Home是居家护理加盟品牌，提供个人护理、companionship、护理管理等服务，在全美和全球拥有
LHC Group,,养老服务|医疗健康,临终关怀|居家护理,居家护理,否,居家护理,,,,美国家庭医疗保健服务商，主要为老年慢性病患者提供居家医疗、临终关怀、医疗护理以及家庭健康等服务。2005年上市融资672
Aveanna Healthcare,,养老服务|医疗健康,临终关怀|居家护理,居家护理,否,居家护理,,,,美国家庭健康、临终关怀服务提供商，主要业务还包括儿科治疗、个人护理等。2021年上市融资4.59亿美元
InnovAge,,养老服务,专业护理|养老社区|居家护理,居家护理,否,居家护理,,,,提供老年人全包护理计划(PACE)，为居家老人提供处方药、医疗保健、家庭护理、体检、医院就诊、上门协助、交通、营养等服务
InnovAge,,养老服务,专业护理|养老社区|居家护理,专业护理,否,专业护理,,,,提供老年人全包护理计划(PACE)，为居家老人提供处方药、医疗保健、家庭护理、体检、医院就诊、上门协助、交通、营养等服务
Addus HomeCare,爱德斯家庭护理,养老服务,专业护理|居家护理,居家护理,否,居家护理,,,,美国家庭护理服务提供商，以家庭及社区为基础，面向老人、长期病患、残疾人士等提供个人护理、日常生活活动支援、成人日间看护等
Addus HomeCare,爱德斯家庭护理,养老服务,专业护理|居家护理,专业护理,否,专业护理,,,,美国家庭护理服务提供商，以家庭及社区为基础，面向老人、长期病患、残疾人士等提供个人护理、日常生活活动支援、成人日间看护等
The Pennant Group,,养老服务|医疗健康,临终关怀|居家护理,居家护理,否,居家护理,,,,美国家庭健康、临终关怀、家庭护理、辅助生活、独立生活、记忆护理服务提供商。2019年上市
Enhabit,,养老服务|医疗健康,临终关怀|居家护理,居家护理,否,居家护理,,,,成立于2014年，美国家庭健康、临终关怀服务商。2022年上市
Ready Responders,,养老服务|医疗健康,健康管理|居家护理,健康管理,否,健康管理,,,,美国家庭健康服务提供商，为患者提供紧急护理、出院后的过渡护理以及社区护理等医疗服务。2020年B+C轮1.02亿美元，谷
Ready Responders,,养老服务|医疗健康,健康管理|居家护理,居家护理,否,居家护理,,,,美国家庭健康服务提供商，为患者提供紧急护理、出院后的过渡护理以及社区护理等医疗服务。2020年B+C轮1.02亿美元，谷
Kenbi,,养老服务,居家护理,居家护理,否,居家护理,,,,提供家庭护理、家庭健康、家政服务、亲属支持、陪伴等服务。2021.12天使轮后战略投资2664万美元
Emoha Elder Care,,养老服务,专业护理|居家护理,居家护理,否,居家护理,,,,印度老年人护理服务商，主要在老年人家中提供360度护理服务，将实践、护理协议和技术解决方案结合在一起。2023.10 A
Emoha Elder Care,,养老服务,专业护理|居家护理,专业护理,否,专业护理,,,,印度老年人护理服务商，主要在老年人家中提供360度护理服务，将实践、护理协议和技术解决方案结合在一起。2023.10 A
BelleVie,,养老服务|医疗健康,专业护理|居家护理|认知症,认知症,否,认知症,,,,英国居家护理提供商，包括个人护理、陪伴、做家务，以及痴呆症、帕金森、癌症等专业护理。2019年种子轮260万英镑
BelleVie,,养老服务|医疗健康,专业护理|居家护理|认知症,居家护理,否,居家护理,,,,英国居家护理提供商，包括个人护理、陪伴、做家务，以及痴呆症、帕金森、癌症等专业护理。2019年种子轮260万英镑
BelleVie,,养老服务|医疗健康,专业护理|居家护理|认知症,专业护理,否,专业护理,,,,英国居家护理提供商，包括个人护理、陪伴、做家务，以及痴呆症、帕金森、癌症等专业护理。2019年种子轮260万英镑
Voize,,文娱社交|智能科技,数字化|社交平台,社交平台,否,社交平台,,,,AI语音护理记录助手，利用AI将护理员口述语音自动转化为合规的结构化文档。已在德国1000+家养老机构落地
Orion,,医疗健康|消费品,健康监测|智能硬件,健康监测,否,健康监测,,,,AI智能温控床垫罩，对标Eight Sleep，通过水循环调节床垫温度，AI监测睡眠数据。价格比竞品低$400-$800
Orion,,医疗健康|消费品,健康监测|智能硬件,智能硬件,否,智能硬件,,,,AI智能温控床垫罩，对标Eight Sleep，通过水循环调节床垫温度，AI监测睡眠数据。价格比竞品低$400-$800
Arya Health,,医疗健康|文娱社交|智能科技,康复医疗|数字化|社交平台,社交平台,否,社交平台,,,,AI康复后护理管理平台，为康复护理机构提供AI代理，自动化管理康复护理流程
IO Health Technologies,,养老服务|医疗健康|文娱社交,临终关怀|智慧养老|文娱,文娱,否,文娱,,,,AI驱动的居家医疗/临终关怀合规平台，为居家医疗和临终关怀机构提供AI平台，确保行政合规和质量
Synchron,,医疗健康|智能科技,AI科技|认知症,认知症,否,认知症,,,,非手术脑机接口(BCI)，帮助瘫痪患者恢复沟通和行动能力。微创植入，未来将扩展至与衰老相关的认知和功能衰退
Hippocratic AI,,文娱社交|智能科技,数字化|文娱|社交平台,文娱,否,文娱,,,,医疗AI代理，执行低风险、面向患者的行政和运营任务。估值35亿；已与50+大型医疗系统/支付方合作；累计完成1.15亿+
Hippocratic AI,,文娱社交|智能科技,数字化|文娱|社交平台,社交平台,否,社交平台,,,,医疗AI代理，执行低风险、面向患者的行政和运营任务。估值35亿；已与50+大型医疗系统/支付方合作；累计完成1.15亿+
Nila,,养老服务|文娱社交,专业护理|旅游,专业护理,否,专业护理,,,,医疗保健管理平台，帮助海外人士照顾家乡的年迈亲属。解决全球化背景下的跨境老年护理和管理痛点
Sunrise Group,,医疗健康|智能科技,健康监测|睡眠科技,健康监测,否,健康监测,,,,睡眠科技公司，扩大旗下Dreem Health业务。推进其获得FDA批准的睡眠呼吸暂停技术在全国范围的推广，2015年成
Eight Sleep,八睡眠,医疗健康|智能科技|消费品,健康监测|智能硬件|睡眠科技,健康监测,是,健康监测,智能硬件,实体硬件非监测服务,,智能床系统(消费品)。开发AI睡眠代理；计划进军医疗领域(更年期睡眠、睡眠呼吸暂停)，寻求FDA批准
Eight Sleep,八睡眠,医疗健康|智能科技|消费品,健康监测|智能硬件|睡眠科技,智能硬件,否,智能硬件,,,,智能床系统(消费品)。开发AI睡眠代理；计划进军医疗领域(更年期睡眠、睡眠呼吸暂停)，寻求FDA批准
Leal Therapeutics,,医疗健康,认知症,认知症,否,认知症,,,,开发治疗神经精神或神经退行性疾病患者的药物，典型代表是阿尔茨海默病、帕金森病等
Jocasta Neuroscience,,医疗健康|智能科技,认知症|长寿科技,认知症,否,认知症,,,,专注于长寿(Longevity)领域，研发专有的长寿蛋白配方(α-Klotho)，用于治疗神经退行性疾病中的认知障碍等疾
Wellth,,医疗健康|金融保险,产业资本|健康管理|慢病管理,健康管理,是,健康管理,保险,医保/保险属保险,,数字健康公司，利用行为经济学和财务激励提高慢性病人群的依从性。明确服务于Medicare Advantage(MA)、M
Wellth,,医疗健康|金融保险,产业资本|健康管理|慢病管理,产业资本,是,产业资本,健康管理,产业资本为背景标签，真实业务为健康管理（建议移除）,,数字健康公司，利用行为经济学和财务激励提高慢性病人群的依从性。明确服务于Medicare Advantage(MA)、M
SetPoint Medical,,医疗健康|智能科技|消费品,康复医疗|智能硬件|长寿科技,智能硬件,否,智能硬件,,,,神经免疫调节疗法开发商，研发SetPoint System(植入式设备)，通过迷走神经刺激治疗类风湿性关节炎(RA)。2
世道护理,世道护理,养老服务,专业护理,专业护理,否,专业护理,,,,小户型静音折叠电动护理床，一线城市高客单
Clairvoyant Networks,,医疗健康,健康监测|远程医疗,健康监测,否,健康监测,,,,远程监测解决方案（Theora360云平台），利用AI最大化长者与慢性病患者的生活质量。
Embodied Labs,,文娱社交,文娱,文娱,否,文娱,,,,开发虚拟现实沉浸式培训，让人从他人视角体会以提供更好护理。
Phoenix Hipwear,,医疗健康,健康监测,健康监测,否,健康监测,,,,柔软轻量髋关节保护服饰，防跌倒损伤。
Brava,,消费品|食品营养,智能硬件|营养食品,智能硬件,否,智能硬件,,,,用光技术烹饪，精准快速搞定三餐。
Homage,,养老服务,居家护理|护理平台,居家护理,否,居家护理,,,,新加坡灵活个性化老人健康与照护平台，App预约上门照护。
DNX,,医疗健康|精神健康,健康监测|心理健康服务,健康监测,否,健康监测,,,,通过语音消息与干预改善老人远程监测、行为改变与孤独缓解。
Elder,,养老服务,居家护理|护理平台,居家护理,否,居家护理,,,,英国居家照护平台，24小时内匹配评估过的live-in看护者。
Patronus,,医疗健康,健康管理,健康管理,否,健康管理,,,,以现代数字化技术改善老年医疗被忽视现状的平台。
Emoha,,养老服务,居家护理,居家护理,否,居家护理,,,,印度居家与旅行老人照护服务，含紧急响应与预防监测。
Lindera,,医疗健康,健康监测,健康监测,否,健康监测,,,,开发AI步行分析App优化日常照护并专注防跌倒。
Labrador,,智能科技|消费品,智能硬件|机器人,智能硬件,否,智能硬件,,,,辅助机器人公司，移动机器人帮老人送餐取物提升独立生活。
SmartQare,,医疗健康,健康监测,健康监测,否,健康监测,,,,多传感器设备viQtor实现24/7生命体征与跌倒监测。
Aloe Care Health,,医疗健康,健康监测,健康监测,否,健康监测,,,,为老人与照护者提供含跌倒检测的医疗警报系统与4G设备。
GrandCare Systems,,医疗健康|消费品,智能硬件|远程医疗,智能硬件,否,智能硬件,,,,远程支持与辅助技术，通过触摸屏与传感器提升独立生活。
Cuideo,,养老服务,居家护理|护理平台,居家护理,否,居家护理,,,,西班牙居家老人照护服务，平台匹配本地训练看护者。
Senniors,,养老服务,居家护理,居家护理,否,居家护理,,,,西班牙超100城上门照护，含理疗心理等综合居家疗法。
GrandPad,,消费品|精神健康,心理健康服务|智能硬件,智能硬件,否,智能硬件,,,,专为老人设计的平板，含4G、私人家庭网络与24/7客服。
LIBIFY,,医疗健康,健康监测,健康监测,否,健康监测,,,,德国紧急呼叫系统（家用/移动），含跌倒传感器与GPS定位。
Herewith,,养老服务,居家护理,居家护理,否,居家护理,,,,旧金山上门照护平台，App做背景调查与虚拟面试匹配看护。
RetroBrain R&D,,医疗健康,认知症|认知训练,认知症,否,认知症,,,,开发手势控制游戏机memoreCare，科学改善老人身心健康。
Jubo Health,,养老服务|医疗健康,健康监测|居家护理,健康监测,否,健康监测,,,,连网照护方案VitalLink测生命体征、FamilyLine管探访。
Jubo Health,,养老服务|医疗健康,健康监测|居家护理,居家护理,否,居家护理,,,,连网照护方案VitalLink测生命体征、FamilyLine管探访。
CARU,,医疗健康,健康监测,健康监测,否,健康监测,,,,瑞士紧急呼叫系统，支持按钮/语音与自动跌倒检测。
PalCare,,医疗健康|智能科技,健康监测|照护系统,健康监测,是,健康监测,智能硬件,实体硬件非监测服务,,养老紧急呼叫、护士呼叫、门禁与走失管理硬件软件平台。
Care Daily,,医疗健康|智能科技,AI科技|健康监测,健康监测,否,健康监测,,,,AI管家学行为基线，预测隐秘健康问题与节能安防。
ZIBRIO,,医疗健康,健康监测,健康监测,否,健康监测,,,,平衡测量设备，用稳定性秤预测跌倒风险。
Intus Care,,医疗健康|智能科技,AI科技|健康监测,健康监测,否,健康监测,,,,养老医疗分析平台，预测住院与慢病风险优化PACE照护。
Effectivate,,医疗健康|智能科技,AI科技|认知症|认知训练,认知症,否,认知症,,,,机器学习脑训练平台，个性化改善老人记忆与认知。
CareConnectMD,,养老服务|医疗健康,健康管理|居家护理,健康管理,否,健康管理,,,,25年经验将价值型照护带入急性后设置的复杂病患。
CareConnectMD,,养老服务|医疗健康,健康管理|居家护理,居家护理,否,居家护理,,,,25年经验将价值型照护带入急性后设置的复杂病患。
Endear Health,,医疗健康,健康管理,健康管理,否,健康管理,,,,API连接平台让支付方与供方为老人提供最佳会员体验。
Sensi,,医疗健康,健康监测,健康监测,否,健康监测,,,,触发式音频分析平台，在家护中预测预防异常且保隐私。
Sensara,,医疗健康,健康监测,健康监测,否,健康监测,,,,自学习传感技术，仅发相关警报让老人自由活动防跌。
Good Life Sorted,,消费品,智能硬件,智能硬件,否,智能硬件,,,,老人App与智能家技术提醒用药、连社交减孤立。
Sage,,医疗健康|智能科技,AI科技|健康监测,健康监测,否,健康监测,,,,AI养老护理平台，预测分析预防跌倒与衰退，服务护理机构。
The Helper Bees,,养老服务|金融保险,养老金融|居家护理,居家护理,否,居家护理,,,,提供审核家居护理服务的技术平台，与保险计划集成。
Haelo,,医疗健康|消费品,健康监测|智能硬件,健康监测,否,健康监测,,,,持续监测戒指，实时检测跌倒与健康异常。
Haelo,,医疗健康|消费品,健康监测|智能硬件,智能硬件,否,智能硬件,,,,持续监测戒指，实时检测跌倒与健康异常。
Neursantys,,医疗健康|精神健康,健康监测|心理健康服务,健康监测,否,健康监测,,,,非侵入式生物电子平台测量并恢复前庭平衡，降跌倒风险。
Cadense,,消费品,智能硬件|鞋服,智能硬件,否,智能硬件,,,,结合机器人与生物力学的自适应鞋，帮助行走困难者。
Cherish,,医疗健康,健康监测,健康监测,否,健康监测,,,,雷达传感器隐私优先环境监测，实时检测风险无需穿戴/摄像头。
Mindr,,医疗健康,认知症,认知症,否,认知症,,,,AI驱动教练平台，为中年期（尤其照护者）提供每日脑健康活动降痴呆风险。
Pepper,,文娱社交,文娱,文娱,否,文娱,,,,社交烹饪App，连接家庭厨师共享食谱、留存家庭美食记忆。
Ultrahuman,,医疗健康,健康监测,健康监测,否,健康监测,,,,追踪睡眠、运动、血糖等生物标志物的产品套件优化健康。
优龙机器人,优龙机器人,康复辅具|消费品,外骨骼|智能硬件,智能硬件,否,智能硬件,,,,柔性外骨骼助行产品，通过二类医疗器械认证，医养双落地。
程天科技,程天科技,康复辅具|消费品,外骨骼|智能硬件,智能硬件,否,智能硬件,,,,智慧康养外骨骼助行器（消费级“易行EasyGo”），数百台15秒售罄。
乐聚机器人,乐聚机器人,养老服务|智能科技,居家护理|机器人,居家护理,否,居家护理,,,,推出家庭场景人形机器人，布局居家养老陪伴。
欧圣电气(伊利诺),欧圣电气,养老服务|智能科技,专业护理|机器人,专业护理,否,专业护理,,,,旗下伊利诺ICARE-BOT二便智能护理机器人获多国认证并批量生产。
腾讯 Robotics X,腾讯,养老服务|智能科技,居家护理|机器人,居家护理,是,居家护理,机器人,真实业务更贴合机器人,,居家服务机器人“小五”，面向人机协作的养老服务。
傲鲨智能,傲鲨智能,康复辅具|消费品,外骨骼|智能硬件,智能硬件,是,智能硬件,适老化,养老用品/辅具属适老化,,外骨骼“养老辅具”，探索社区共享租赁模式。
杭州智元研究院,杭州智元研究院,康复辅具|消费品,外骨骼|智能硬件,智能硬件,否,智能硬件,,,,开启外骨骼产品个人预售（踏山AsExo-TK1000髋部助行外骨骼）。
新奈医疗,新奈医疗,医疗健康,健康监测,健康监测,否,健康监测,,,,聚焦老年睡眠呼吸治疗，AI呼吸机产品打开市场。
九为健康,九为健康,医疗健康|智能科技,AI科技|健康管理,健康管理,是,健康管理,药品,中医/中药/处方药属药品,,探索中医智能化服务。
问岐健康,问岐健康,医疗健康|智能科技,AI科技|健康管理,健康管理,是,健康管理,药品,中医/中药/处方药属药品,,探索中医智能化服务。
朗毅机器人,朗毅机器人,消费品,智能硬件,智能硬件,否,智能硬件,,,,专注具身导航大脑研发，为养老场景提供技术基座。
矩侨工业,矩侨工业,医疗健康|智能科技,健康监测|机器人,健康监测,是,健康监测,智能硬件,实体硬件非监测服务,,柔性传感技术成功适配康复机器人与老年穿戴设备。
Salvo Health,,医疗健康|金融保险,产业资本|慢病管理|远程医疗,产业资本,是,产业资本,慢病管理,产业资本为背景标签，真实业务为慢病管理（建议移除）,,纽约慢病管理公司，聚焦胃肠道慢性病的长期治疗，结合“食物即药物”与行为健康，患者症状改善率76%、肠胃相关急诊使用下降7
Gardia,,医疗健康,健康监测,健康监测,否,健康监测,,,,德国健康科技公司（microsynetics GmbH），提供无需智能手机的 AI 跌倒检测腕带与移动应急系统，自动检测
Ceresti,,养老服务|医疗健康|智能科技,居家护理|照护系统|认知症,认知症,否,认知症,,,,为认知症（痴呆）患者家庭照护者提供支持的平台，结合 GUIDE 模式提供培训、协调与远程指导。2025年8月完成1170
Ceresti,,养老服务|医疗健康|智能科技,居家护理|照护系统|认知症,居家护理,是,居家护理,认知症,真实业务更贴合认知症,,为认知症（痴呆）患者家庭照护者提供支持的平台，结合 GUIDE 模式提供培训、协调与远程指导。2025年8月完成1170
Sukoon Unlimited,,文娱社交|精神健康,心理健康服务|文娱,文娱,否,文娱,,,,印度 AgeTech 初创，以社区驱动模式对抗老年人孤独，提供陪伴与活动服务。2025年1月完成43万美元融资。
Hera,,养老服务|智能科技|金融保险,产业资本|护理平台|照护系统,产业资本,否,产业资本,,,,AI 驱动的护理协调平台，帮助养老运营商整合居民安全、护理计划、人员排班与应急响应。2026年6月完成2700万美元A轮
Aerska,,医疗健康|精神健康,心理健康服务|认知症,认知症,否,认知症,,,,生物科技公司，利用“脑 shuttle”技术将 RNA 药物系统性递送至大脑，开发针对阿尔茨海默病等 CNS 疾病的治疗
Herself Health,,女性健康|金融保险,产业资本|女性健康服务,产业资本,否,产业资本,,,,面向 65 岁以上、参加 Medicare 的女性提供进阶初级医疗服务的医疗科技公司，关注老年女性的特异性健康需求。融资
新双派,新双派,养老服务|消费品,智能硬件|适老化,适老化,否,适老化,,,,专注智能助行轮椅的银发硬件公司，主打碳纤维一体压铸智能助行轮椅，支持免弯腰自动折叠，兼顾轻量化与智能化，曾获美国 MUS
新双派,新双派,养老服务|消费品,智能硬件|适老化,智能硬件,否,智能硬件,,,,专注智能助行轮椅的银发硬件公司，主打碳纤维一体压铸智能助行轮椅，支持免弯腰自动折叠，兼顾轻量化与智能化，曾获美国 MUS
AvevoRx,,养老服务,居家护理,居家护理,否,居家护理,,,,居家专科输液药房服务，为患者在家提供输液药物与治疗履约。
Complete Care Management Services,,养老服务,居家护理,居家护理,否,居家护理,,,,基于价值的居家协调照护管理、过渡期照护、再住院率降低项目。
Anytime Home Care,,养老服务,居家护理,居家护理,否,居家护理,,,,提供陪伴、个人护理、生活协助、备餐、家务等非医疗居家照护。
Pansy Homecare,,养老服务|医疗健康,居家护理|认知症,认知症,否,认知症,,,,以私人付费为主的居家照护机构，专注家庭场景下的失智症（dementia）照护。
Pansy Homecare,,养老服务|医疗健康,居家护理|认知症,居家护理,否,居家护理,,,,以私人付费为主的居家照护机构，专注家庭场景下的失智症（dementia）照护。
BrightStar Care,,养老服务,居家护理,居家护理,否,居家护理,,,,"提供个人居家照护、补充性护理人员派遣及家庭医疗服务，网络逾15,000名照护者。"
HomeWell Franchising,,养老服务,居家护理,居家护理,否,居家护理,,,,为老年人及居家不便者提供个人护理、陪伴与家务服务的居家护理特许经营体系。
Sodalis Senior Living,,养老服务|医疗健康,养老社区|认知症,认知症,否,认知症,,,,个性化辅助生活与记忆照护运营商，旗下23个社区覆盖德州、佛州、乔治亚，含早期痴呆Bridges项目。
Nano Hearing Aids,,养老服务,适老化,适老化,否,适老化,,,,面向轻中度听力损失的OTC（非处方）助听器品牌，DTC直达消费者销售。
IntellaTriage,,医疗健康,临终关怀|健康监测,健康监测,否,健康监测,,,,为居家医疗与安宁疗护机构提供护士主导的全天候分诊与看护解决方案。
Teton.ai,,医疗健康|智能科技|消费品,AI科技|健康监测|智能硬件,健康监测,否,健康监测,,,,丹麦AI医疗公司，通过计算机视觉与传感器预测老年护理场景中的跌倒与健康衰退风险，帮助养老机构从被动响应转向主动预防。
Teton.ai,,医疗健康|智能科技|消费品,AI科技|健康监测|智能硬件,智能硬件,是,智能硬件,健康监测,真实业务更贴合健康监测,,丹麦AI医疗公司，通过计算机视觉与传感器预测老年护理场景中的跌倒与健康衰退风险，帮助养老机构从被动响应转向主动预防。
Lizzy Care,,养老服务|医疗健康,养老机构|认知症,认知症,否,认知症,,,,美国家庭痴呆症居家照护协调平台，连接专业照护团队、家属与资源，提供远程照护协调与个性化健康教育。
Zingage,,养老服务|智能科技,AI科技|专业护理,专业护理,否,专业护理,,,,纽约AI居家护理交付平台，自动化排班、调度与报销流程，帮助居家护理机构提升运营效率与覆盖率。
Gladys,,养老服务|智能科技,AI科技|专业护理,专业护理,否,专业护理,,,,英国AI居家护理技术平台，旨在通过技术改善英国破碎的居家照护体系，优化护理人员调度与服务质量。
Janus Living,,养老服务|金融保险,产业资本|养老社区,产业资本,否,产业资本,,,,美国养老地产纯Play REIT，由Healthpeak注入34个养老社区组合，2026年申报美股IPO，目标估值约50
BrainCheck,,医疗健康|智能科技,AI科技|认知症,认知症,否,认知症,,,,数字认知评估与照护平台，2026年2月追加1300万美元Series A，用AI辅助早期痴呆/认知障碍筛查，帮助医疗系统
Enzo Health,,养老服务|医疗健康|智能科技,AI科技|专业护理|临终关怀,专业护理,否,专业护理,,,,开发AI工作流工具，自动完成患者接入与病历审核等任务，面向家居健康与临终关怀机构，2025年获2000万美元Series
PillSafe,,消费品,智能硬件,智能硬件,是,智能硬件,健康管理,智能药盒/用药管理属健康管理,,无线用药依从性系统公司，2026年3月获种子轮融资，瞄准庞大的非依从性用药市场，提供智能药盒+远程监护。
Welltower,Welltower｜医疗地产信托,金融保险,产业资本,产业资本,否,产业资本,,,,全球最大医疗地产信托(REIT)，纽交所代码 WELL，专注养老社区、医疗办公楼与长期急症护理地产的持有与运营，是美国'
Ventas,Ventas｜医疗REIT,金融保险,产业资本,产业资本,否,产业资本,,,,美国老牌医疗地产信托(REIT)，纽交所代码 VTR，资产覆盖养老社区、医疗办公楼与生物实验室，是养老地产证券化另一龙头
Omega Healthcare Investors,Omega 医疗投资者,金融保险,产业资本,产业资本,否,产业资本,,,,专注 skilled nursing(专业护理院)与长期急症医院的医疗 REIT，纽交所代码 OHI，是美国护理院地产最
CareTrust REIT,CareTrust REIT,金融保险,产业资本,产业资本,否,产业资本,,,,专注养老社区与医疗地产的 REIT，纳斯达克代码 CTRE，2014 年从 Ensign Group 分拆，以高出租率与
Option Care Health,Option Care 健康,养老服务,居家护理,居家护理,否,居家护理,,,,美国最大独立居家输液与专科药房服务商，纳斯达克代码 OPCH，为慢病与复杂用药患者提供上门输液治疗。
The Ensign Group,Ensign 集团,养老服务|金融保险,产业资本|养老机构,产业资本,否,产业资本,,,,美国西部领先的专业护理院与康复服务商，纳斯达克代码 ENSG，并分拆出 CareTrust REIT 与 Pennant
National Health Investors,国家医疗投资者,金融保险,产业资本,产业资本,否,产业资本,,,,专注养老社区与医疗地产的 REIT，纽交所代码 NHI，以稳健租约与运营商合作伙伴关系著称。
Sabra Health Care REIT,Sabra 医疗REIT,养老服务|金融保险,产业资本|养老机构,产业资本,否,产业资本,,,,专注 skilled nursing 与养老社区的医疗 REIT，纳斯达克代码 SBRA，2010 年从 Sun Hea
LTC Properties,LTC 地产,金融保险,产业资本,产业资本,否,产业资本,,,,专注养老社区与护理院的 REIT，纽交所代码 LTC，成立于 1992 年，以组合多元化著称。
Healthcare Realty Trust,医疗地产信托,金融保险,产业资本,产业资本,否,产业资本,,,,专注医疗办公楼( Medical Office Building)的 REIT，纽交所代码 HR，2022 年与 Hea
AdaptHealth,AdaptHealth,医疗健康,健康监测|医疗器械,健康监测,是,健康监测,智能硬件,实体硬件非监测服务,,美国领先家用医疗设备(HME)与服务商，纳斯达克代码 AHCO，提供呼吸机、氧气、营养与行动辅助等上门服务。
Medical Properties Trust,医疗地产信托(MPT),金融保险,产业资本,产业资本,否,产业资本,,,,专注医院地产的 REIT，纽交所代码 MPW，曾为全球最大医院房东之一；近年因租户 Steward 破产陷入动荡，是 R
Diversified Healthcare Trust,多元医疗信托,金融保险,产业资本,产业资本,否,产业资本,,,,拥有医疗办公楼与养老社区的 REIT，纳斯达克代码 DHC，资产覆盖美国多州。
Cera,Cera｜英国居家医疗AI,医疗健康|金融保险,产业资本|远程医疗,产业资本,是,产业资本,远程医疗,产业资本为背景标签，真实业务为远程医疗（建议移除）,,英国最大数字化居家医疗提供商，伦敦创立(2016)，以 AI 平台调度护工、远程监测与远程医疗，累计融资约 4.21 亿
BioAge Labs,BioAge Labs｜长寿科技,智能科技|金融保险,产业资本|长寿科技,产业资本,否,产业资本,,,,长寿与代谢衰老疗法公司，纳斯达克代码 BIOA，2024-09 IPO 募资 1.98 亿美元；核心管线 azelapr
Benesse,Benesse｜倍乐生,文娱社交|金融保险,产业资本|教育,产业资本,是,产业资本,教育,产业资本为背景标签，真实业务为教育（建议移除）,,日本教育与原日生(老年照护)集团，东京证交所上市，业务横跨儿童教育与高龄者照护(护理规划中心、养老住宅)。
Nichii Gakkan,日医学馆,养老服务|金融保险,产业资本|居家护理,居家护理,否,居家护理,,,,日本大型居家护理与医疗服务集团，东京证交所上市，提供访视护理、照护管理与健康服务。
Nichii Gakkan,日医学馆,养老服务|金融保险,产业资本|居家护理,产业资本,是,产业资本,居家护理,产业资本为背景标签，真实业务为居家护理（建议移除）,,日本大型居家护理与医疗服务集团，东京证交所上市，提供访视护理、照护管理与健康服务。
Essity,Essity｜添宁母公司,养老服务,专业护理,专业护理,否,专业护理,,,,瑞典卫生与健康上市公司(斯德哥尔摩证交所)，旗下 TENA(添宁)为全球失禁护理领导品牌，2017 年从 SCA 分拆。
Visiting Angels,Visiting Angels｜上门照护加盟,养老服务,居家护理,居家护理,否,居家护理,,,,美国大型非医疗居家照护加盟网络(1992)，遍布数百个 franchise 网点，提供陪伴、个人护理与家务协助。
Uniper,Uniper｜抗孤独虚拟互动,文娱社交|精神健康,心理健康服务|文娱,文娱,否,文娱,,,,面向长者的虚拟互动平台(2015)，提供视频问诊、直播活动与录播课程以对抗孤独、促进身心参与。
Age Care Labs,,养老服务,居家护理|护理平台,居家护理,否,居家护理,,,,印度居家养老平台，运营Emoha与Epoch Elder Care两大品牌，提供居家与机构照护服务。2026年7月完成9
Uresta,,养老服务|女性健康,专业护理|女性健康服务,专业护理,否,专业护理,,,,加拿大女性健康公司，提供无需手术/吸收用品的压力性尿失禁（SUI）物理装置。2025年3月完成300万美元融资（BDC 
极壳科技,极壳科技,康复辅具|消费品,外骨骼|智能硬件,智能硬件,否,智能硬件,,,,消费级外骨骼与助力机器人公司（Hypershell），将工业/户外助力技术向康复与老年助行延伸。2025年完成7000万
兴业控股,兴业控股,养老服务|金融保险,产业资本|养老社区,产业资本,否,产业资本,,,,港股上市公司（0132.HK），以医养结合为核心扩张养老业务版图，2026年中标的广东郁南养老服务项目标志其走出佛山大本
宸汐健康,宸汐健康,医疗健康|金融保险,保险|健康管理,健康管理,否,健康管理,,,,构建管理式健康服务平台，整合医院、患者与保险公司等主体，实现全产业链融合的健康管理服务。
博芮健,博芮健,医疗健康,认知症,认知症,否,认知症,,,,研发阿尔茨海默病治疗药物的生物科技公司，通过数智治疗手段切入认知症治疗。
WHILL,,养老服务|消费品,智能硬件|适老化,适老化,否,适老化,,,,日本个人出行（personal mobility）公司，推出造型时尚、操控灵活的个人电动移动设备，提升老人户外自主出行。
WHILL,,养老服务|消费品,智能硬件|适老化,智能硬件,否,智能硬件,,,,日本个人出行（personal mobility）公司，推出造型时尚、操控灵活的个人电动移动设备，提升老人户外自主出行。
Permobil,,养老服务,适老化,适老化,否,适老化,,,,全球动力轮椅与坐姿支撑系统龙头（Investor AB体系），深度服务重度行动障碍与老年人群。
Sunrise Medical,,养老服务|消费品,智能硬件|适老化,适老化,否,适老化,,,,全球轮椅与移动辅具巨头，提供手动/动力轮椅、轻量化出行方案，覆盖老年与残障人群。
Sunrise Medical,,养老服务|消费品,智能硬件|适老化,智能硬件,是,智能硬件,适老化,养老用品/辅具属适老化,,全球轮椅与移动辅具巨头，提供手动/动力轮椅、轻量化出行方案，覆盖老年与残障人群。
ReWalk Robotics,,康复辅具|消费品,外骨骼|智能硬件,智能硬件,否,智能硬件,,,,上市外骨骼机器人公司（NASDAQ:RWLK），为脊髓损伤与卒中后行走障碍提供医用/家用外骨骼康复系统。
Ekso Bionics,,康复辅具|消费品,外骨骼|智能硬件,智能硬件,否,智能硬件,,,,上市外骨骼机器人公司（NASDAQ:EKSO），为卒中与神经损伤患者提供临床级步态康复外骨骼。
MindMate,,医疗健康,认知症|认知训练,认知症,否,认知症,,,,面向认知障碍与早期痴呆的APP，提供脑力训练、记忆游戏与日常提醒，延缓认知衰退。
HappyNeuron Pro,,医疗健康,认知症|认知训练,认知症,否,认知症,,,,面向临床与治疗师的专业认知训练平台，提供标准化大脑训练项目用于老年认知康复。
CogniFit,,医疗健康,认知症,认知症,否,认知症,,,,认知评估与脑训练平台，提供标准化认知测评与个性化训练，用于老年认知健康监测。
Dakim,,医疗健康,认知症|认知训练,认知症,否,认知症,,,,早期老年认知训练公司，提供大屏触摸式脑健康活动，用于养老社区与家庭认知刺激。
BrainHQ,,医疗健康,认知症|认知训练,认知症,否,认知症,,,,Posit Science出品的循证脑训练平台，多项研究支持其改善老年认知处理速度。
The Joy Club,,文娱社交,文娱,文娱,否,文娱,,,,英国面向50+人群的会员制俱乐部，组织线下活动、课程与社群，对抗老年孤独。
AlayaCare,,养老服务|智能科技,居家护理|照护系统,居家护理,否,居家护理,,,,加拿大居家与社区护理SaaS平台，整合临床、排班、远程监测与家庭端，提升居家养老运营效率。
ClearCare,,养老服务|智能科技,居家护理|照护系统,居家护理,否,居家护理,,,,家庭护理机构运营SaaS（已被WellSky收购），提供排班、计费与家庭门户。
Medflyt,,养老服务|智能科技,居家护理|护理平台|照护系统,居家护理,否,居家护理,,,,面向家庭护理机构的排班与合规自动化平台，连接护理员与班次需求。
CareJoy,,养老服务,居家护理,居家护理,否,居家护理,,,,家庭护理机构运营平台，提供排班、计费、合规与家庭沟通一体化方案。
Hometeam,,养老服务|消费品,居家护理|智能硬件,居家护理,否,居家护理,,,,将技术平台与人力结合的家庭护理公司，用自研APP提升护理协调与家属可视性。
Hometeam,,养老服务|消费品,居家护理|智能硬件,智能硬件,是,智能硬件,居家护理,真实业务更贴合居家护理,,将技术平台与人力结合的家庭护理公司，用自研APP提升护理协调与家属可视性。
Clover Health,,金融保险,产业资本|保险,产业资本,是,产业资本,保险,产业资本为背景标签，真实业务为保险（建议移除）,,以技术驱动的Medicare Advantage健康险公司（NASDAQ:CLOV），用Clover Assistant
Alignment Health,,金融保险,产业资本|保险,产业资本,是,产业资本,保险,产业资本为背景标签，真实业务为保险（建议移除）,,以人为中心的Medicare Advantage健康险公司（NASDAQ:ALHC），强调慢病管理与个性化照护。
Idoven,,医疗健康,健康监测,健康监测,否,健康监测,,,,用AI解读心电图的可穿戴心电监测公司，提前发现房颤等老年高发心血管风险。
InsideTracker,,医疗健康|智能科技,健康监测|长寿科技,健康监测,否,健康监测,,,,通过血液生物标志物+AI提供个性化健康与长寿建议的消费级平台。
Function Health,,医疗健康|智能科技,健康监测|长寿科技,健康监测,是,健康监测,长寿科技,真实业务更贴合长寿科技,,提供100+项指标年度体检与趋势追踪的会员制健康平台，面向 longevity 人群。
Prenuvo,,医疗健康|智能科技,健康监测|长寿科技,健康监测,否,健康监测,,,,提供30分钟无痛全身MRI早筛的连锁服务，面向高支付力健康与长寿人群。
Kinesense,,医疗健康|智能科技,AI科技|健康监测,健康监测,否,健康监测,,,,通过AI视频分析步态与活动模式，早期预测跌倒风险，用于养老机构与医院。
WalkJoy,,医疗健康,健康监测,健康监测,否,健康监测,,,,通过可穿戴设备提供实时步态反馈与训练，改善老人平衡、降低跌倒风险。
Kraydel,,医疗健康,健康监测|远程医疗,健康监测,否,健康监测,,,,英国养老远程监测公司，用非侵入式传感器监测老人在家安全与日常活动异常。
Lifted,,医疗健康|智能科技,AI科技|健康监测|远程医疗,健康监测,否,健康监测,,,,英国AI养老监测公司，用非穿戴传感器识别跌倒、离床等异常并告警家属/护理方。
EllieGrid,,消费品,智能硬件,智能硬件,是,智能硬件,健康管理,智能药盒/用药管理属健康管理,,智能药盒公司，通过APP提醒与色彩编码帮助老人按时按量服药。
PharmAdva,,消费品,智能硬件,智能硬件,是,智能硬件,健康管理,智能药盒/用药管理属健康管理,,为长期用药老人提供按次预分包（pill packaging）与配送的服务，降低错服漏服。
Solace,,医疗健康|金融保险,临终关怀|健康管理|养老金融,健康管理,是,健康管理,慢病管理,糖尿病/慢病属慢病管理,,医疗福利导航平台，帮用户梳理保险、找到合适医疗资源，含复杂慢病与临终关怀协调。
Butlr,,医疗健康,健康监测,健康监测,否,健康监测,,,,用热传感（thermal）实现非接触式存在/跌倒/睡眠监测的AI平台，保护隐私，适用于养老场景。
Bluecrest,,医疗健康,健康监测,健康监测,否,健康监测,,,,英国平价健康筛查与体检公司，为成人（含老人）提供常规指标检测与风险预警。
Hometouch,,养老服务,居家护理,居家护理,否,居家护理,,,,英国居家照护平台，直接雇佣并培训护理员，提供透明定价的居家养老护理。
SuperCarers,,养老服务,居家护理|护理平台,居家护理,否,居家护理,,,,英国居家照护匹配平台，连接家庭与经过审核的护理员，并提供管理工具。
Mayden,,医疗健康,健康监测,健康监测,否,健康监测,,,,英国心理健康与护理SaaS公司，提供电子健康记录系统（如iaptus），覆盖老年心理照护。
Oomph! Wellness,,医疗健康,健康管理,健康管理,否,健康管理,,,,英国为养老机构提供活力康养（wellbeing）活动与训练的公司，提升入住老人身心活跃度。
CareVision,,文娱社交,文娱,文娱,否,文娱,,,,英国养老照护平台，提供家庭门户、护理记录与运营工具，连接机构与家属。
星纵物联,星纵物联,医疗健康,健康监测,健康监测,否,健康监测,,,,物联网传感企业（Milesight），推出LoRaWAN雷达跌倒检测传感器，用于养老机构与居家非接触式跌倒/离床监测。
Medical Guardian,,医疗健康,健康监测,健康监测,否,健康监测,,,,美国较大的家用医疗警报与跌倒监测服务商，提供多种紧急呼叫与活动监测方案。
MobileHelp,,医疗健康,健康监测,健康监测,否,健康监测,,,,提供带GPS的家用与移动医疗警报系统，服务居家与户外老人的紧急呼叫需求。
可孚医疗,可孚医疗,医疗健康,健康监测|医疗器械|康复医疗,健康监测,否,健康监测,,,,国内家用医疗器械企业（深交所上市），覆盖血压计、轮椅、护理床、康复辅具等适老家用产品。
PARO,,医疗健康|智能科技,机器人|认知症,认知症,否,认知症,,,,日本产海豹型治疗机器人（AIST体系），广泛用于痴呆照护机构缓解焦虑、提升情绪。
Neurotrack,,医疗健康|智能科技,AI科技|认知症,认知症,否,认知症,,,,通过眼动（eye-tracking）进行阿尔茨海默风险早期筛查的认知健康公司。
乐心医疗,乐心医疗,医疗健康|金融保险,产业资本|医疗器械,产业资本,否,产业资本,,,,国内家用医疗与健康穿戴上市公司（深交所），产品含血压计、智能手环、体脂秤等，布局慢病健康监测。
三诺生物,三诺生物,医疗健康|金融保险,产业资本|医疗器械,产业资本,否,产业资本,,,,国内血糖监测龙头上市公司（深交所），家用血糖仪与慢病管理，深度服务老年糖尿病群体。
康泰医学,康泰医学,医疗健康|金融保险,产业资本|医疗器械,产业资本,否,产业资本,,,,国内医疗器械上市公司（深交所），产品含脉搏血氧、血压、心电、监护等家用与临床监测设备。
Amada Senior Care,,养老服务,居家护理,居家护理,否,居家护理,,,,居家养老护理公司，以特许经营+自营结合提供个人护理、陪伴与养老咨询。
SCAN Health Plan,,金融保险,产业资本|保险,产业资本,是,产业资本,保险,产业资本为背景标签，真实业务为保险（建议移除）,,美国大型非营利Medicare Advantage健康计划，专注老年人群，提供MA与健康计划服务。
翔宇医疗,翔宇医疗,医疗健康|金融保险,产业资本|康复医疗,产业资本,否,产业资本,,,,国内康复医疗器械上市公司（上交所），产品涵盖康复评定、训练与治疗设备，广泛服务于老年康复与养老机构。
Nymbl Science,,医疗健康,健康监测,健康监测,否,健康监测,,,,面向老人的防跌倒平衡训练APP，通过每日简短双重任务训练改善平衡、降低跌倒风险。
EmpowerMe Wellness,,医疗健康,健康管理,健康管理,否,健康管理,,,,为自理/辅助生活老人提供整合的预防式健康、健身与营养服务的养老运营公司。
Clyx,,文娱社交|精神健康,心理健康服务|文娱|社交平台,文娱,否,文娱,,,,面向老年人的社交平台，以兴趣社群、视频连线、AI陪伴等方式对抗老年孤独。2025年9月完成1400万美元A轮融资，由Bl
Clyx,,文娱社交|精神健康,心理健康服务|文娱|社交平台,社交平台,否,社交平台,,,,面向老年人的社交平台，以兴趣社群、视频连线、AI陪伴等方式对抗老年孤独。2025年9月完成1400万美元A轮融资，由Bl
BetterAge,,医疗健康,健康管理,健康管理,否,健康管理,,,,面向老年人的个性化网页端健康与福祉改善项目，用数据生成定制化健康路径。成立于2020年，纽约；获NIH/美国国家衰老研究
EnLite Health Solutions,,医疗健康|精神健康,健康管理|心理健康服务,健康管理,否,健康管理,,,,提供数据驱动的个性化治疗项目，覆盖成瘾、心理健康到老年照护等需求。成立于2017年，布宜诺斯艾利斯；获25万美元种子融资
Qida,,医疗健康,健康管理,健康管理,否,健康管理,,,,西班牙养老与医疗健康服务提供商。成立于2017年；累计融资约6000万欧元，B轮。
Watcherr,,医疗健康,健康监测,健康监测,否,健康监测,,,,养老远程监测公司，通过传感/AI监测老人活动与安全。成立于2016年；累计融资约890万美元。
Cuidum,,养老服务,居家护理|护理平台,居家护理,否,居家护理,,,,西班牙居家照护平台，连接家庭与照护资源。成立于2015年；累计融资约190万欧元（二次市场）。
缘和银发,北京缘和银发经济科技有限公司,文娱社交,教育|文娱,文娱,否,文娱,,,,2025年3月成立，定位银发产业'一体两翼'生态，旗下'缘和乐龄'教培板块上线，引入老年大学体系师资，开设书法、非遗等课
小诺家护,小诺家护,养老服务|医疗健康,居家护理|康复医疗|远程医疗,居家护理,是,居家护理,康复医疗,真实业务更贴合康复医疗,,茵诺医疗旗下智慧康养平台(2023年推出)，运营互联网医疗、远程康复、认知障碍早筛及干预、家庭病床、康复辅具租赁等ToC
伊维养老,伊维养老,养老服务|医疗健康,健康监测|适老化改造,健康监测,是,健康监测,智能硬件,实体硬件非监测服务,,辽宁厚嘉科技有限公司旗下品牌，深耕适老化智能硬件与物理空间改造垂直赛道，强调'适老细节'的产品逻辑。
