name,name_cn,tag_l1,tag_l2,business_tags_customer,business_tags_role,business_tags_channel
AgeClub,AgeClub,产业服务;智能科技,数字化;行业媒体,B2B,服务商(媒体/数据),
SageWell,,消费品;金融保险,保险服务;养老金融,B2C,服务商,
乐湾,乐湾,养老住房;生活照护,适老化产品;适老化改造,B2B+B2C,平台,
优享陪诊,优享陪诊,医疗健康,健康管理,B2C,服务商,
全民K歌,全民K歌,文娱社交,社交平台;老年文娱,B2C,平台,
共比邻,共比邻,文娱社交,旅游;老年文娱,B2C,服务商,线上
兴趣岛,兴趣岛,文娱社交,社交平台;老年文娱,B2C,服务商,
医家通,医家通,养老住房;生活照护,居家护理;适老化产品;适老化改造,B2B,平台,
南京新百,南京新百,生活照护;金融保险,产业资本;居家护理,未标注,上市公司,
博斯腾,博斯腾,养老住房;医疗健康,养老机构;认知症,B2B,制造商(药),
可靠股份,可靠股份,金融保险,产业资本,未标注,上市公司,
善诊,善诊,医疗健康,健康管理,B2C,服务商,
奕然康复,奕然康复,医疗健康;康复辅具;智能科技;消费品,医疗器械;康复;智能硬件;机器人,B2B+B2C,服务商,
安护通,安护通,医疗健康;生活照护,健康管理;居家护理;慢病管理,B2B+B2C,平台,
安杰莱,安杰莱,康复辅具;智能科技;消费品,外骨骼;康复;智能硬件;机器人,B2B+B2C,服务商,
小年糕,小年糕,文娱社交,社交平台;老年文娱,B2C,平台,线上;短视频
小橙,小橙,消费品;生活照护,专业护理;居家护理;智能硬件,B2B,平台,
彩视,彩视,文娱社交,社交平台;老年文娱,B2B+B2C,平台,短视频
心智青,心智青,文娱社交,社交平台;老年文娱,B2B+B2C,平台,线下
悦心健康,悦心健康,金融保险,产业资本,未标注,上市公司,
抚理健康,抚理健康,生活照护,专业护理;居家护理,B2B+B2C,平台,
易得康,易得康,生活照护,专业护理;居家护理,B2B+B2C,平台,
橙医健康,橙医健康,医疗健康,健康管理;慢病管理,B2C,服务商,
清澜技术,清澜技术,医疗健康,健康监测;健康管理,B2B,技术服务商,
清雷,清雷,医疗健康,健康监测;健康管理,B2C,制造商(硬件/设备),
点可,点可,医疗健康,健康监测;健康管理,B2B,平台,
特霍芬,特霍芬,养老住房;医疗健康;生活照护,养老机构;认知症;适老化产品,B2B,技术服务商,
百芝龙,百芝龙,医疗健康;生活照护,健康监测;健康管理;居家护理,B2B+B2C,平台,
福寿康,福寿康,生活照护,专业护理;居家护理,B2B+B2C,服务商,
程天,程天,康复辅具;消费品,外骨骼;康复;智能硬件,B2B+B2C,服务商,
红松学堂,红松学堂,文娱社交,社交平台;老年文娱,B2C,平台,
织生科技,织生科技,养老住房;医疗健康,养老机构;认知症,未标注,服务商,
美好盛年,美好盛年,文娱社交,旅游;社交平台;老年文娱,B2C,服务商,线下
美篇,美篇,文娱社交,社交平台;老年文娱,B2B+B2C,平台,
苗米,苗米,医疗健康,健康监测;健康管理,B2C,服务商,
迈步,迈步,康复辅具;智能科技;消费品,外骨骼;康复;智能硬件;机器人,B2B+B2C,服务商,
远也,远也,康复辅具;消费品,外骨骼;康复;智能硬件,B2C,制造商(硬件/设备),
量子之歌,量子之歌,文娱社交,社交平台;老年文娱,B2C,服务商,
闲趣岛,闲趣岛,文娱社交,旅游;社交平台;老年文娱,B2B+B2C,平台,线上
集思鸣智,集思鸣智,养老住房;医疗健康,养老机构;认知症,未标注,服务商,
颐养通,颐养通,养老住房;生活照护,适老化产品;适老化改造,B2B,平台,
颐家,颐家,生活照护,专业护理;居家护理,B2B+B2C,平台,
颐讯,颐讯,养老住房;生活照护,适老化产品;适老化改造,B2B+B2C,服务商,
鲸鱼陪诊,鲸鱼陪诊,医疗健康;生活照护,健康管理;居家护理,B2C,服务商,
鹤灵医疗,鹤灵医疗,养老住房;医疗健康,养老机构;认知症,未标注,服务商,
麦麦养老,麦麦养老,养老住房;消费品;生活照护,智能硬件;适老化产品;适老化改造,B2B+B2C,平台,
AID上海老博会,AID上海老博会,产业服务,咨询研究,B2B,服务商(媒体/数据),
BAI资本,BAI资本,金融保险,产业资本,B2C,服务商,
CMEF,,产业服务;消费品,咨询研究;智能硬件,B2B,制造商(硬件/设备),
EE广州老博会,EE广州老博会,产业服务,咨询研究,B2B,服务商(媒体/数据),
ITH康养家,ITH康养家,产业服务;智能科技,数字化;行业媒体,B2B,服务商(媒体/数据),
OKCS,,生活照护,居家护理,B2B+B2C,平台,
SIC保利老博会,SIC保利老博会,产业服务;消费品,咨询研究;智能硬件,B2B+B2C,制造商(硬件/设备),
VTN,,食品营养,保健品,B2C,制造商(消费品),
WonderLab,,食品营养,保健品;营养食品,B2C,制造商(消费品),
一号护工,一号护工,生活照护,专业护理;居家护理,B2B+B2C,平台,
一味盛长,一味盛长,医疗健康;食品营养,保健品;健康管理,未标注,服务商,
一家依,一家依,养老住房;生活照护,养老社区;居家护理,B2B+B2C,平台,
一康,一康,医疗健康;康复辅具;消费品,医疗器械;康复;智能硬件,B2B+B2C,平台,
一龄集团,一龄集团,医疗健康;文娱社交;金融保险,产业资本;健康管理;旅游,B2C,服务商,
万德厨,万德厨,消费品;生活照护,专业护理;智能硬件;适老化产品,B2B+B2C,制造商(硬件/设备),
三替护理,三替护理,生活照护,专业护理;居家护理,B2B+B2C,平台,
上品折扣,上品折扣,渠道零售,银发零售,B2B,服务商(媒体/数据),
上海剪爱,上海剪爱,消费品,个护,未标注,服务商,
世道,世道,消费品;生活照护,居家护理;辅具,B2B+B2C,平台,
东方华康,东方华康,养老住房;医疗健康,养老社区;慢病管理,B2B+B2C,服务商,
东方购物,东方购物,智能科技;渠道零售,数字化;银发零售,B2B,服务商(媒体/数据),
中匠福,中匠福,养老住房;生活照护,居家护理;适老化产品;适老化改造,B2B+B2C,平台,
中金佰仁堂,中金佰仁堂,养老住房,养老社区,B2B+B2C,平台,
中顺洁柔,中顺洁柔,金融保险,产业资本,未标注,上市公司,
乐力,乐力,医疗健康;食品营养,保健品;营养食品;认知症,B2C,制造商(消费品),
乐唱族,乐唱族,文娱社交,社交平台;老年文娱,B2C,平台,线上
乐成养老,乐成养老,养老住房,养老社区,B2B+B2C,平台,
乐陪护,乐陪护,生活照护,专业护理;居家护理,B2B+B2C,平台,
乐龄圈,乐龄圈,文娱社交,社交平台;老年文娱,B2B+B2C,平台,
九如城,九如城,养老住房,养老社区,B2B+B2C,服务商,
云芯信息,云芯信息,养老住房;消费品;生活照护,居家护理;智能硬件;适老化产品;适老化改造,B2B+B2C,平台,
云货优选,云货优选,渠道零售,电商,B2C,平台,线上
互邦,互邦,消费品,辅具,B2B,技术服务商,
享佳健康,享佳健康,医疗健康;食品营养,保健品;慢病管理,B2C,制造商(消费品),
享睡,享睡,医疗健康,健康监测;健康管理,B2C,服务商,
亲和源,亲和源,养老住房;文娱社交,养老社区;旅游,未标注,上市公司,
人寿堂,人寿堂,医疗健康;食品营养,保健品;健康管理,B2B+B2C,平台,
亿芃健康,亿芃健康,消费品;生活照护,智能硬件;辅具;适老化产品,B2B+B2C,制造商(硬件/设备),
今旭面业,今旭面业,食品营养,保健品,B2C,制造商(消费品),
仙乐健康,仙乐健康,食品营养,保健品,未标注,上市公司,
令羽,令羽,消费品,鞋服,B2B,服务商(媒体/数据),
伊对,伊对,文娱社交,相亲;社交平台;老年文娱,B2C,平台,
优加健康,优加健康,医疗健康,健康管理;慢病管理,B2B+B2C,服务商,
优复门诊,优复门诊,医疗健康;康复辅具;消费品,康复;慢病管理;智能硬件,B2B+B2C,服务商,
优必选,优必选,智能科技;消费品,机器人;辅具,未标注,上市公司,
优生活,优生活,食品营养,保健品,B2C,制造商(消费品),
余生幸福,余生幸福,文娱社交,社交平台;老年文娱,B2C,平台,
佛山建泰,佛山建泰,消费品;生活照护,辅具;适老化产品,未标注,服务商,
佛山永爱,佛山永爱,养老住房;生活照护,适老化产品;适老化改造,B2C,服务商,
作为科技,作为科技,医疗健康;智能科技;消费品;生活照护,机器人;辅具;健康监测;适老化产品;专业护理,B2B+B2C,制造商(硬件/设备),
佰丝堂,佰丝堂,食品营养,保健品,B2B,服务商(媒体/数据),
依瑞德,依瑞德,医疗健康;康复辅具;消费品,医疗器械;康复;智能硬件;认知症,B2B+B2C,制造商(硬件/设备),
倍益康,倍益康,消费品;生活照护,居家护理;智能硬件,B2B+B2C,平台,
倍轻松,倍轻松,消费品,智能硬件,未标注,上市公司,
健特药业,健特药业,食品营养,保健品,B2C,制造商(消费品),
健行仿生,健行仿生,康复辅具;消费品,外骨骼;辅具,B2B+B2C,服务商,
元气家族,元气家族,食品营养,保健品;营养食品,B2C,制造商(消费品),
兆观,兆观,医疗健康;消费品,健康监测;健康管理;智能硬件,B2B+B2C,制造商(硬件/设备),
光大养老,光大养老,养老住房,养老社区,B2B+B2C,平台,
养乃世家,养乃世家,食品营养,保健品;营养食品,B2C,制造商(消费品),
冬泽,冬泽,食品营养,保健品;营养食品,B2C,制造商(消费品),
凌晴翔,凌晴翔,消费品;生活照护,智能硬件;辅具;适老化产品,B2B+B2C,制造商(硬件/设备),
初新养老,初新养老,养老住房,养老社区,B2B+B2C,平台,
动龄健康,动龄健康,文娱社交,社交平台;老年文娱,B2C,服务商,
匹奇,匹奇,消费品,智能硬件,B2B,制造商(硬件/设备),
医护到家,医护到家,生活照护,专业护理;居家护理,B2B+B2C,平台,
千骥资本,千骥资本,金融保险,产业资本,B2B+B2C,服务商,
半月浮生,半月浮生,文娱社交,老年文娱,B2B,服务商(媒体/数据),
华友健身,华友健身,文娱社交,健身;社交平台;老年文娱,B2C,服务商,
华润维麟,华润维麟,养老住房,养老社区,B2B+B2C,平台,
卓牧,卓牧,食品营养,保健品,未标注,服务商,
南京携才,南京携才,生活照护,专业护理;居家护理,B2B+B2C,平台,
博博科技,博博科技,医疗健康;消费品,健康监测;健康管理;智能硬件,B2C,制造商(硬件/设备),
博远资本,博远资本,金融保险,产业资本,B2B,制造商(硬件/设备),
博音,博音,消费品;生活照护,助听器;智能硬件;辅具;适老化产品,B2B+B2C,制造商(硬件/设备),
厚福,厚福,消费品,智能硬件;辅具,B2B+B2C,服务商,
友达颐康,友达颐康,养老住房;生活照护,居家护理;适老化产品;适老化改造,B2B+B2C,平台,
可靠,可靠,消费品,辅具,B2B+B2C,服务商,
台格,台格,生活照护,居家护理;适老化产品,B2B+B2C,平台,
司羿智能,司羿智能,康复辅具;智能科技;消费品,外骨骼;康复;智能硬件;机器人,B2B+B2C,服务商,
同仁堂,同仁堂,食品营养,保健品,B2C,制造商(消费品),
和乐春晖,和乐春晖,养老住房;消费品;生活照护,居家护理;智能硬件;适老化产品;适老化改造,B2B+B2C,平台,
和佳医疗,和佳医疗,医疗健康;康复辅具;消费品,医疗器械;康复;智能硬件,未标注,上市公司,
和君康养,和君康养,养老住房,养老社区,B2B,服务商,
和家健脑,和家健脑,养老住房;医疗健康,养老机构;认知症,未标注,服务商,
品驰,品驰,医疗健康;康复辅具;消费品,医疗器械;康复;智能硬件,B2B,制造商(硬件/设备),
响午,响午,消费品,鞋服,B2C,制造商(硬件/设备),
哺恩,哺恩,养老住房,养老社区,B2B+B2C,平台,
唯艾,唯艾,医疗健康;消费品,健康管理;智能硬件,B2B+B2C,制造商(硬件/设备),
嘉堡护理,嘉堡护理,养老住房,养老社区,B2B+B2C,平台,
嘉年乐,嘉年乐,养老住房;消费品;生活照护,居家护理;智能硬件;适老化产品;适老化改造,B2B+B2C,平台,
国寿大健康,国寿大健康,金融保险,产业资本,未标注,服务商,
国科优选,国科优选,食品营养,保健品,B2C,制造商(消费品),
复星保德信,复星保德信,养老住房,养老社区,B2B+B2C,平台,
夕阳红,夕阳红,消费品;生活照护,智能硬件;辅具;适老化产品,B2B+B2C,制造商(硬件/设备),
多呵,多呵,消费品,个护,B2B,服务商(媒体/数据),
大耳马,大耳马,消费品,助听器,B2C,服务商,
天华设计,天华设计,养老住房;消费品;生活照护,居家护理;智能硬件;适老化产品;适老化改造,B2B+B2C,平台,
天合人康,天合人康,食品营养,保健品,B2C,制造商(消费品),
天壹智慧,天壹智慧,生活照护,专业护理;居家护理,B2B+B2C,平台,
天天好,天天好,食品营养,保健品,B2C,制造商(消费品),
天空树,天空树,消费品,个护,B2B,服务商(媒体/数据),
天鹅到家,天鹅到家,生活照护,专业护理,B2B+B2C,服务商,
太保资本,太保资本,金融保险,产业资本,未标注,服务商,
太平养老,太平养老,养老住房,养老社区,B2B+B2C,平台,
太爱肽,太爱肽,食品营养,保健品,B2C,制造商(消费品),
奥特顺咽,奥特顺咽,消费品;生活照护,智能硬件;辅具;适老化产品,B2B+B2C,制造商(硬件/设备),
女王新款,女王新款,消费品,鞋服,B2B,服务商(媒体/数据),
好孝心,好孝心,食品营养,保健品,B2C,制造商(消费品),
好慷在家,好慷在家,生活照护,专业护理;居家护理,B2B+B2C,平台,
如身机器人,如身机器人,康复辅具;消费品,康复;智能硬件,B2B+B2C,服务商,
孝当先,孝当先,食品营养,保健品,B2C,制造商(消费品),
孝心坊,孝心坊,食品营养,保健品,B2C,制造商(消费品),
安养养老,安养养老,养老住房,养老社区,B2B+B2C,平台,
安养帮,安养帮,养老住房,养老社区,B2B+B2C,平台,
安康通,安康通,生活照护,专业护理;居家护理,B2B+B2C,平台,
安泰康成,安泰康成,医疗健康;康复辅具;消费品,医疗器械;康复;慢病管理;智能硬件,B2B+B2C,制造商(硬件/设备),
安馨康养,安馨康养,养老住房;消费品;生活照护,居家护理;智能硬件;适老化产品;适老化改造,B2B+B2C,平台,
完美亲家,完美亲家,文娱社交,相亲;社交平台;老年文娱,B2C,平台,
家有购物,家有购物,渠道零售,电商,B2B,服务商(媒体/数据),
家瑞康,家瑞康,消费品;生活照护,智能硬件;辅具;适老化产品,B2B+B2C,制造商(硬件/设备),
富伯医疗,富伯医疗,医疗健康;康复辅具;消费品,医疗器械;康复;智能硬件,B2B,制造商(硬件/设备),
寻缘树,寻缘树,文娱社交,社交平台;老年文娱,B2C,平台,线上;线下
寿仙谷,寿仙谷,食品营养,保健品,B2C,制造商(消费品),
尊术医疗,尊术医疗,医疗健康;生活照护,专业护理;慢病管理,B2B+B2C,服务商,
小V助浴,小V助浴,生活照护,专业护理,B2B+B2C,服务商,
小柏家护,小柏家护,生活照护,专业护理;居家护理,B2B+B2C,平台,
小飞哥,小飞哥,消费品;生活照护,智能硬件;辅具;适老化产品,B2B+B2C,制造商(硬件/设备),
尚体乐活,尚体乐活,文娱社交,健身;社交平台;老年文娱,B2C,服务商,
就爱广场舞,就爱广场舞,文娱社交,社交平台;老年文娱,B2B+B2C,平台,
左点,左点,消费品,智能硬件,B2B,服务商(媒体/数据),
巨贸康万家,巨贸康万家,消费品;生活照护,智能硬件;辅具;适老化产品,B2B+B2C,制造商(硬件/设备),
希润医疗,希润医疗,医疗健康;康复辅具;消费品,医疗器械;康复;智能硬件,B2B,制造商(硬件/设备),
平安臻颐年,平安臻颐年,养老住房,养老社区,B2B+B2C,平台,
康乐龄,康乐龄,消费品;生活照护,智能硬件;辅具;适老化产品,B2B+B2C,制造商(硬件/设备),
康力元,康力元,消费品;生活照护,智能硬件;辅具;适老化产品,B2B+B2C,制造商(硬件/设备),
康复之家,康复之家,消费品,辅具,B2B,服务商(媒体/数据),
康德宝,康德宝,消费品;生活照护,智能硬件;辅具;适老化产品,B2B+B2C,制造商(硬件/设备),
康政,康政,消费品;生活照护,智能硬件;辅具;适老化产品,B2B+B2C,制造商(硬件/设备),
康林仁和,康林仁和,食品营养,保健品,B2B,服务商(媒体/数据),
康比特,康比特,食品营养,保健品,B2C,制造商(消费品),
康爱医疗,康爱医疗,医疗健康;康复辅具;消费品,康复;慢病管理;智能硬件,B2C,制造商(消费品),
康语轩,康语轩,养老住房;医疗健康,养老机构;认知症,B2B+B2C,服务商,
彭世,彭世,医疗健康,健康管理,B2B+B2C,服务商,
得印科技,得印科技,消费品;生活照护,智能硬件;辅具;适老化产品,B2B+B2C,制造商(硬件/设备),
德林,德林,消费品;生活照护,智能硬件;辅具;适老化产品,B2B+B2C,制造商(硬件/设备),
心乐空间,心乐空间,文娱社交,社交平台;老年文娱,B2B+B2C,平台,
心永科技,心永科技,医疗健康;消费品,健康管理;智能硬件,B2B+B2C,制造商(硬件/设备),
志贺康养,志贺康养,养老住房;消费品;生活照护,居家护理;智能硬件;适老化产品;适老化改造,B2B+B2C,平台,
快乐购,快乐购,渠道零售,电商,B2B,服务商(媒体/数据),
快团团,快团团,渠道零售,电商,B2B,服务商(媒体/数据),
怡和嘉业,怡和嘉业,消费品;生活照护,智能硬件;辅具;适老化产品,B2B+B2C,制造商(硬件/设备),
恒发,恒发,消费品,鞋服,B2B,服务商(媒体/数据),
恩德莱,恩德莱,消费品;生活照护,智能硬件;辅具;适老化产品,B2B+B2C,制造商(硬件/设备),
悟空百货,悟空百货,渠道零售,电商,B2B,服务商(媒体/数据),
悠幸,悠幸,养老住房;消费品;生活照护,居家护理;智能硬件;适老化产品;适老化改造,B2B+B2C,平台,
悦心安颐,悦心安颐,养老住房,养老社区,B2B+B2C,平台,
惠买集团,惠买集团,渠道零售,电商,B2B,服务商(媒体/数据),
慈康生命,慈康生命,医疗健康,临终关怀,B2B+B2C,服务商,
慢糖家,慢糖家,食品营养,保健品,B2C,制造商(消费品),
成家相亲,成家相亲,文娱社交,社交平台;老年文娱,B2B+B2C,平台,
戴恩,戴恩,生活照护,专业护理;居家护理,B2B+B2C,平台,
护卫神,护卫神,消费品;生活照护,智能硬件;辅具;适老化产品,B2B+B2C,制造商(硬件/设备),
招商观颐,招商观颐,养老住房,养老社区,B2B+B2C,平台,
振邦,振邦,消费品;生活照护,智能硬件;辅具;适老化产品,B2B+B2C,制造商(硬件/设备),
摩登银龄,摩登银龄,文娱社交,老年文娱,B2B,服务商(媒体/数据),
擎浩护理,擎浩护理,生活照护,专业护理;居家护理,B2B+B2C,平台,
救救帮,救救帮,养老住房;消费品;生活照护,居家护理;智能硬件;适老化产品;适老化改造,B2B+B2C,平台,
斯维驰,斯维驰,消费品;生活照护,智能硬件;辅具;适老化产品,B2B+B2C,制造商(硬件/设备),
方家铺子,方家铺子,食品营养,保健品,B2C,制造商(消费品),
时光派,时光派,食品营养,保健品,B2C,制造商(消费品),
时尚奶奶团,时尚奶奶团,文娱社交,老年文娱,B2B,服务商(媒体/数据),
易乐车业,易乐车业,消费品;生活照护,智能硬件;辅具;适老化产品,B2B+B2C,制造商(硬件/设备),
星巡智能,星巡智能,医疗健康,健康管理,B2C,服务商,
春树养老,春树养老,养老住房,养老社区,B2B+B2C,平台,
昱芝夕,昱芝夕,消费品,个护,B2B,服务商(媒体/数据),
昱言养老,昱言养老,养老住房,养老社区,B2B,服务商(媒体/数据),
普健济康,普健济康,金融保险,产业资本,未标注,服务商,
景昱,景昱,康复辅具;消费品,康复;智能硬件,B2B+B2C,制造商(硬件/设备),
晶彩人生,晶彩人生,文娱社交,社交平台;老年文娱,B2B+B2C,平台,
智云健康,智云健康,医疗健康,健康管理;慢病管理,未标注,上市公司,
智听,智听,消费品;生活照护,助听器;智能硬件;辅具;适老化产品,B2B+B2C,制造商(硬件/设备),
智宇孝老,智宇孝老,生活照护,专业护理;居家护理,B2B+B2C,平台,
智杰教育,智杰教育,养老住房,养老社区,B2B+B2C,平台,
最美芳华,最美芳华,文娱社交,老年文娱,B2B,服务商(媒体/数据),
月神,月神,食品营养,保健品,B2C,制造商(消费品),
来邦科技,来邦科技,养老住房;消费品;生活照护,居家护理;智能硬件;适老化产品;适老化改造,B2B+B2C,平台,
柏老汇,柏老汇,生活照护,专业护理;居家护理,B2B+B2C,平台,
染博士,染博士,消费品,个护,B2B,服务商(媒体/数据),
栈道资本,栈道资本,金融保险,产业资本,未标注,服务商,
栖城设计,栖城设计,养老住房;消费品;生活照护,居家护理;智能硬件;适老化产品;适老化改造,B2B+B2C,平台,
森梅医疗,森梅医疗,医疗健康;食品营养,保健品;健康管理,B2C,服务商,
森美,森美,食品营养,保健品,B2C,制造商(消费品),
楼上,楼上,食品营养,保健品,B2C,制造商(消费品),
正奇智能,正奇智能,消费品;生活照护,智能硬件;辅具;适老化产品,B2B+B2C,制造商(硬件/设备),
每日的菌,每日的菌,食品营养,保健品,B2C,制造商(消费品),
水印中国,水印中国,养老住房,养老社区,B2B+B2C,平台,
永福康,永福康,消费品;生活照护,智能硬件;辅具;适老化产品,B2B+B2C,制造商(硬件/设备),
江南米道,江南米道,食品营养,保健品,B2C,制造商(消费品),
沐恒实业,沐恒实业,养老住房;消费品;生活照护,居家护理;智能硬件;适老化产品;适老化改造,B2B+B2C,平台,
泰一健康,泰一健康,食品营养,保健品,B2C,制造商(消费品),
泰康之家,泰康之家,养老住房,养老社区,B2B+B2C,平台,
泰康安宁疗护,泰康安宁疗护,医疗健康;生活照护,专业护理;临终关怀;居家护理,B2B+B2C,平台,
泰心康护,泰心康护,生活照护,专业护理;居家护理,B2B+B2C,平台,
泽普医疗,泽普医疗,康复辅具;消费品,康复;智能硬件,B2B+B2C,制造商(硬件/设备),
海之声,海之声,消费品,助听器,B2B,服务商(媒体/数据),
海森林,海森林,消费品,助听器,B2B,服务商(媒体/数据),
深纳普思,深纳普思,医疗健康;食品营养,保健品;健康管理,B2C,服务商,
添康,添康,消费品;生活照护,智能硬件;辅具;适老化产品,B2B+B2C,制造商(硬件/设备),
温州康宁,温州康宁,康复辅具;消费品,康复;智能硬件,B2B+B2C,制造商(硬件/设备),
爱侬养老,爱侬养老,生活照护,专业护理;居家护理,B2B+B2C,平台,
爱可声,爱可声,消费品;生活照护,助听器;智能硬件;辅具;适老化产品,B2B+B2C,制造商(硬件/设备),
爱普雷德,爱普雷德,消费品,助听器,B2B,服务商(媒体/数据),
爱牵挂,爱牵挂,养老住房;消费品;生活照护,居家护理;智能硬件;适老化产品;适老化改造,B2B+B2C,平台,
爱舒乐,爱舒乐,消费品;生活照护,智能硬件;辅具;适老化产品,B2B+B2C,制造商(硬件/设备),
爱风尚,爱风尚,文娱社交,社交平台;老年文娱,B2B+B2C,平台,
玖益,玖益,消费品;生活照护,助听器;智能硬件;辅具;适老化产品,B2B+B2C,制造商(硬件/设备),
玛士撒拉,玛士撒拉,食品营养,保健品,B2C,制造商(消费品),
环球捕手,环球捕手,渠道零售,电商,B2B,服务商(媒体/数据),
瑞光康泰,瑞光康泰,医疗健康;食品营养,保健品;健康管理,B2C,服务商,
瑞尔齿科,瑞尔齿科,消费品;生活照护,智能硬件;辅具;适老化产品,B2B+B2C,制造商(硬件/设备),
瑞贝卡,瑞贝卡,消费品,个护,B2B,服务商(媒体/数据),
瑞邦,瑞邦,食品营养,保健品,B2C,制造商(消费品),
甲子科技,甲子科技,生活照护,智慧养老,B2B,技术服务商,
百合康,百合康,食品营养,保健品,B2C,制造商(消费品),
百合生物,百合生物,食品营养,保健品,B2C,制造商(消费品),
百善药业,百善药业,食品营养,保健品,B2C,制造商(消费品),
百年红,百年红,消费品;生活照护,智能硬件;辅具;适老化产品,B2B+B2C,制造商(硬件/设备),
皮皮熊,皮皮熊,消费品;生活照护,智能硬件;辅具;适老化产品,B2B+B2C,制造商(硬件/设备),
盈康生命,盈康生命,康复辅具;消费品,康复;智能硬件,B2B+B2C,制造商(硬件/设备),
益生康健,益生康健,食品营养,保健品,B2B,服务商(媒体/数据),
盛美诺,盛美诺,食品营养,保健品,B2C,制造商(消费品),
盛通养老,盛通养老,养老住房;消费品;生活照护,居家护理;智能硬件;适老化产品;适老化改造,B2B+B2C,平台,
知识矩阵,知识矩阵,食品营养,保健品,B2C,制造商(消费品),
硅基仿生,硅基仿生,医疗健康;食品营养,保健品;健康管理,B2C,服务商,
神探伍伍,神探伍伍,食品营养,保健品,B2C,制造商(消费品),
祥和,祥和,消费品;生活照护,智能硬件;辅具;适老化产品,B2B+B2C,制造商(硬件/设备),
票圈视频,票圈视频,文娱社交,老年文娱,B2B,服务商(媒体/数据),
福东海,福东海,食品营养,保健品,B2C,制造商(消费品),
福仕得,福仕得,消费品;生活照护,智能硬件;辅具;适老化产品,B2B+B2C,制造商(硬件/设备),
福佑,福佑,消费品;生活照护,智能硬件;辅具;适老化产品,B2B+B2C,制造商(硬件/设备),
福寿家,福寿家,生活照护,专业护理;居家护理,B2B+B2C,平台,
福康通,福康通,养老住房;消费品;生活照护,居家护理;智能硬件;适老化产品;适老化改造,B2B+B2C,平台,
福玛玛,福玛玛,消费品,鞋服,B2B,服务商(媒体/数据),
立奇电子,立奇电子,生活照护,专业护理;居家护理,B2B+B2C,平台,
章华,章华,消费品,个护,B2B,服务商(媒体/数据),
米兰登,米兰登,消费品,鞋服,B2B,服务商(媒体/数据),
粤嘉康,粤嘉康,食品营养,保健品,B2B,服务商(媒体/数据),
糖友饱饱,糖友饱饱,食品营养,保健品,B2C,制造商(消费品),
糖豆,糖豆,文娱社交,社交平台;老年文娱,B2B+B2C,平台,
纽崔莱,纽崔莱,食品营养,保健品,B2C,制造商(消费品),
维达,维达,消费品;生活照护,智能硬件;辅具;适老化产品,B2B+B2C,制造商(硬件/设备),
绿城康养,绿城康养,养老住房,养老社区,B2B+B2C,平台,
绿康,绿康,养老住房,养老社区,B2B+B2C,平台,
绿瘦,绿瘦,食品营养,保健品,B2C,制造商(消费品),
美丽岛,美丽岛,消费品;生活照护,智能硬件;辅具;适老化产品,B2B+B2C,制造商(硬件/设备),
美呀植牙,美呀植牙,消费品;生活照护,智能硬件;辅具;适老化产品,B2B+B2C,制造商(硬件/设备),
美瑞德,美瑞德,消费品;生活照护,智能硬件;辅具;适老化产品,B2B+B2C,制造商(硬件/设备),
美邸中国,美邸中国,养老住房;医疗健康,养老机构;认知症,B2B+B2C,服务商,
老人头,老人头,消费品,鞋服,B2B,服务商(媒体/数据),
老友记,老友记,生活照护,专业护理;居家护理,B2B+B2C,平台,
老年人才网,老年人才网,文娱社交,社交平台;老年文娱,B2B+B2C,平台,
老来寿,老来寿,食品营养,保健品,B2C,制造商(消费品),
老柚,老柚,文娱社交,社交平台;老年文娱,B2B+B2C,平台,
老美华,老美华,消费品,鞋服,B2B,服务商(媒体/数据),
联谛信息,联谛信息,消费品;生活照护,智能硬件;辅具;适老化产品,B2B+B2C,制造商(硬件/设备),
聚鲨环球,聚鲨环球,渠道零售,电商,B2B,服务商(媒体/数据),
肌肉科技,肌肉科技,食品营养,保健品,B2C,制造商(消费品),
脑动极光,脑动极光,养老住房;医疗健康,养老机构;认知症,B2B,技术服务商,
自然之声,自然之声,消费品,助听器,B2B,服务商(媒体/数据),
臻牧,臻牧,食品营养,保健品,B2C,制造商(消费品),
臻行科技,臻行科技,消费品;生活照护,智能硬件;辅具;适老化产品,B2B+B2C,制造商(硬件/设备),
舒悦,舒悦,消费品,鞋服,B2B,服务商(媒体/数据),
舒莱适,舒莱适,消费品;生活照护,智能硬件;辅具;适老化产品,B2B+B2C,制造商(硬件/设备),
舞动时代,舞动时代,文娱社交,社交平台;老年文娱,B2B+B2C,平台,
艾兰得,艾兰得,食品营养,保健品,B2C,制造商(消费品),
艾益生,艾益生,医疗健康;食品营养,保健品;健康管理,B2C,服务商,
艾艾贴,艾艾贴,医疗健康;食品营养,保健品;健康管理,B2C,服务商,
芬香电商,芬香电商,渠道零售,电商,B2C,平台,线上
苏立康,苏立康,食品营养,保健品,B2C,制造商(消费品),
若创科技,若创科技,消费品;生活照护,智能硬件;辅具;适老化产品,B2B+B2C,制造商(硬件/设备),
英智,英智,康复辅具;消费品,康复;智能硬件,B2B+B2C,制造商(硬件/设备),
英洛华,英洛华,消费品;生活照护,智能硬件;辅具;适老化产品,B2B+B2C,制造商(硬件/设备),
莎浓羊奶,莎浓羊奶,食品营养,保健品,B2C,制造商(消费品),
蒙佩尔兰,蒙佩尔兰,食品营养,保健品,B2C,制造商(消费品),
蓝力,蓝力,食品营养,保健品,B2C,制造商(消费品),
虚之实,虚之实,养老住房;医疗健康,养老机构;认知症,B2B,技术服务商,
记忆家,记忆家,养老住房;医疗健康,养老机构;认知症,B2B+B2C,服务商,
谊安医疗,谊安医疗,消费品;生活照护,智能硬件;辅具;适老化产品,B2B+B2C,制造商(硬件/设备),
豪悦,豪悦,消费品;生活照护,智能硬件;辅具;适老化产品,B2B+B2C,制造商(硬件/设备),
赋爱科技,赋爱科技,养老住房;医疗健康;生活照护,养老机构;认知症;适老化产品,B2B,技术服务商,
趣得多,趣得多,渠道零售,电商,B2B,服务商(媒体/数据),
足力健,足力健,消费品,鞋服,B2B,服务商(媒体/数据),
足步医疗,足步医疗,消费品;生活照护,智能硬件;辅具;适老化产品,B2B+B2C,制造商(硬件/设备),
达旦无极,达旦无极,养老住房;医疗健康;消费品,养老机构;智能硬件;认知症,B2B+B2C,制造商(硬件/设备),
达晨财智,达晨财智,金融保险,产业资本,未标注,服务商,
达风投资,达风投资,金融保险,产业资本,未标注,服务商,
迈德斯特,迈德斯特,消费品;生活照护,智能硬件;辅具;适老化产品,B2B+B2C,制造商(硬件/设备),
远方好物,远方好物,食品营养,保健品,B2C,制造商(消费品),
远洋椿萱茂,远洋椿萱茂,养老住房,养老社区,B2B+B2C,平台,
迪马常青社,迪马常青社,养老住房,养老社区,B2B+B2C,平台,
退休俱乐部,退休俱乐部,文娱社交,社交平台;老年文娱,B2B+B2C,平台,
通策医疗,通策医疗,消费品;生活照护,智能硬件;辅具;适老化产品,B2B+B2C,制造商(硬件/设备),
遇禾规划,遇禾规划,养老住房;消费品;生活照护,居家护理;智能硬件;适老化产品;适老化改造,B2B+B2C,平台,
遇见美好,遇见美好,文娱社交,社交平台;老年文娱,B2B+B2C,平台,
郑远元,郑远元,医疗健康;食品营养,保健品;健康管理,B2C,服务商,
金牌护士,金牌护士,生活照护,专业护理;居家护理,B2B+B2C,平台,
金矢机器人,金矢机器人,康复辅具;消费品,康复;智能硬件,B2B+B2C,服务商,
金鼎资本,金鼎资本,金融保险,产业资本,未标注,服务商,
钧晟科技,钧晟科技,康复辅具;消费品,康复;智能硬件,B2B+B2C,制造商(硬件/设备),
钰民,钰民,消费品;生活照护,智能硬件;辅具;适老化产品,B2B+B2C,制造商(硬件/设备),
铂桐医疗,铂桐医疗,医疗健康;食品营养,保健品;健康管理,B2C,服务商,
铱创投资,铱创投资,金融保险,产业资本,未标注,服务商,
银创资本,银创资本,金融保险,产业资本,未标注,服务商,
银发无忧,银发无忧,生活照护,居家护理,B2B,服务商(媒体/数据),
银彩聚乐部,银彩聚乐部,文娱社交,老年文娱,B2B,服务商(媒体/数据),
银汤屋,银汤屋,生活照护,专业护理;居家护理,B2B+B2C,平台,
链老网,链老网,养老住房,养老社区,B2B+B2C,平台,
锣钹科技,锣钹科技,文娱社交,社交平台;老年文娱,B2B+B2C,平台,
锦好医疗,锦好医疗,消费品;生活照护,助听器;智能硬件;辅具;适老化产品,B2B+B2C,制造商(硬件/设备),
锦欣福星,锦欣福星,养老住房,养老社区,B2B+B2C,平台,
长岭资本,长岭资本,金融保险,产业资本,未标注,服务商,
阳光大姐,阳光大姐,文娱社交,社交平台;老年文娱,B2B+B2C,平台,
阿尔发,阿尔发,食品营养,保健品,B2C,制造商(消费品),
阿福医疗,阿福医疗,生活照护,专业护理;居家护理,B2B+B2C,平台,
青鸟软通,青鸟软通,生活照护,专业护理;居家护理,B2B+B2C,平台,
韩愢,韩愢,消费品,个护,B2B,服务商(媒体/数据),
韩金靓,韩金靓,消费品,个护,B2B,服务商(媒体/数据),
颐佳康,颐佳康,养老住房,养老社区,B2B+B2C,平台,
高樟资本,高樟资本,金融保险,产业资本,未标注,服务商,
鱼跃,鱼跃,消费品;生活照护,智能硬件;辅具;适老化产品,B2B+B2C,制造商(硬件/设备),
鲲鱼健康,鲲鱼健康,食品营养,保健品,B2C,制造商(消费品),
鲸灵集团,鲸灵集团,渠道零售,电商,B2B,服务商(媒体/数据),
鹏翼时代,鹏翼时代,文娱社交,社交平台;老年文娱,B2B+B2C,平台,
麦孚,麦孚,食品营养,保健品,B2C,制造商(消费品),
麦考林,麦考林,渠道零售,电商,B2B,服务商(媒体/数据),
鼎植口腔,鼎植口腔,消费品;生活照护,智能硬件;辅具;适老化产品,B2B+B2C,制造商(硬件/设备),
AgenT,,医疗健康,认知症,未标注,服务商,
Alz You Need,,医疗健康,认知症,B2B+B2C,服务商,
Autotune Me,,医疗健康;文娱社交,心理健康服务;老年文娱;认知症,B2C,服务商,
CareVoice,,消费品,保险服务,B2B+B2C,服务商,
Coffee Cherry,,食品营养,营养食品,B2B,服务商(媒体/数据),
Gyenno,,医疗健康;智能科技,慢病管理;机器人,B2C,服务商,
lyflynks,,智能科技;生活照护,专业护理;护理平台;数字化,B2B+B2C,服务商,线上
yooLab,,食品营养,营养食品,B2C,制造商(消费品),
傅里叶智能,傅里叶智能,智能科技,机器人,B2B+B2C,服务商,
去哪养老网,去哪养老网,产业服务,咨询研究,B2B,服务商(媒体/数据),
可靠护理,可靠护理,生活照护,专业护理,B2B,服务商(媒体/数据),
圣德医养,圣德医养,医疗健康,认知症;远程医疗,B2B+B2C,服务商,
孝爱宝,孝爱宝,产业服务,咨询研究,B2B,服务商(媒体/数据),
新东方文旅,新东方文旅,文娱社交,旅游,B2C,服务商,
松龄护老,松龄护老,生活照护,居家护理,未标注,上市公司,
梨花教育,梨花教育,文娱社交,教育,B2C,服务商,
爱晖,爱晖,医疗健康,健康管理,B2B,技术服务商,
百合佳缘,百合佳缘,文娱社交,相亲,B2B,服务商(媒体/数据),
科大讯飞,科大讯飞,消费品,助听器,B2B,服务商(媒体/数据),
红松,红松,文娱社交,教育,B2C,服务商,
维小饭,维小饭,食品营养,营养食品,B2C,制造商(消费品),
蓓姿,蓓姿,生活照护,专业护理,B2B,服务商(媒体/数据),
量子之歌(千尺学堂),量子之歌(千尺学堂),文娱社交,教育,B2C,服务商,
锦欣康养,锦欣康养,康复辅具,康复,B2B,服务商(媒体/数据),
小橙长护,小橙长护,生活照护,专业护理;居家护理;适老化产品,B2C,服务商,
璞缘照护,璞缘照护,生活照护,专业护理;居家护理,B2B+B2C,服务商,
青松康护,青松康护,生活照护,专业护理;居家护理,B2B+B2C,平台,
颐家养老,颐家养老,生活照护,居家护理,B2B+B2C,平台,
二毛照护,二毛照护,医疗健康;生活照护,专业护理;居家护理;认知症,B2B+B2C,平台,
小羊养老,小羊养老,养老住房;生活照护,居家护理;适老化产品;适老化改造,B2B+B2C,服务商,
清檬养老,清檬养老,文娱社交;生活照护,居家护理;社交平台;老年文娱,B2B+B2C,平台,
玛土撒拉,玛土撒拉,食品营养,营养食品,B2C,制造商(消费品),
甲子科技(甲子养老),甲子科技(甲子养老),渠道零售;生活照护,适老化产品;银发零售,未标注,服务商,线下
令羽(肤恩),令羽(肤恩),产业服务;消费品,个护;银发日用,未标注,服务商,
瑞邦生物,瑞邦生物,消费品,个护,B2C,制造商(消费品),
麦孚营养,麦孚营养,食品营养,营养食品,B2C,制造商(消费品),
冬泽特医,冬泽特医,食品营养,营养食品,B2C,制造商(消费品),
优生活羊奶,优生活羊奶,食品营养,保健品;营养食品,未标注,服务商,
退休俱乐部(东犁),退休俱乐部(东犁),文娱社交,旅游;老年文娱,B2C,服务商,线下
彭世修脚,彭世修脚,消费品,个护,B2B+B2C,平台,线下
唯艾科技,唯艾科技,渠道零售,银发零售,未标注,服务商,线下
清雷科技,清雷科技,医疗健康;消费品;生活照护,个护;健康监测;居家护理,B2B+B2C,平台,
苗米科技,苗米科技,医疗健康;消费品,个护;健康监测;智能硬件,B2B+B2C,平台,
点可科技,点可科技,医疗健康;消费品,个护;健康监测,B2B+B2C,平台,
兆观智能,兆观智能,医疗健康;消费品,个护;健康监测,B2B,制造商(硬件/设备),
享睡Sleepace,享睡Sleepace,医疗健康;消费品;生活照护,个护;健康监测;居家护理;智能硬件,B2B+B2C,平台,
大耳马医学,大耳马医学,医疗健康;消费品;生活照护,个护;健康监测;居家护理;慢病管理,B2B+B2C,平台,
太平梧桐人家,太平梧桐人家,文娱社交,社交平台;老年文娱,B2B+B2C,服务商,
复星保德信颐养,复星保德信颐养,养老住房,养老社区,B2B+B2C,平台,
安养养老（安养帮）,安养养老（安养帮）,养老住房,养老社区,B2B+B2C,平台,线上
天一智慧,天一智慧,消费品;生活照护,居家护理;智能硬件,B2B+B2C,平台,
戴恩医疗,戴恩医疗,生活照护,居家护理,B2B+B2C,服务商,
鱼跃医疗,鱼跃医疗,消费品,辅具,B2B,制造商(硬件/设备),
互邦医疗,互邦医疗,消费品,辅具,未标注,服务商,
振邦医疗,振邦医疗,消费品,辅具,未标注,服务商,
厚福医疗,厚福医疗,生活照护,专业护理,B2B+B2C,服务商,
德林假肢,德林假肢,康复辅具;消费品,康复;辅具,未标注,服务商,
博音听力,博音听力,消费品,助听器,未标注,服务商,
一康医疗,一康医疗,康复辅具;消费品,康复;智能硬件,B2B,制造商(硬件/设备),
豪悦护理,豪悦护理,生活照护,专业护理,未标注,上市公司,
曼景科技,曼景科技,医疗健康;康复辅具;消费品,康复;智能硬件;认知症,B2B+B2C,制造商(硬件/设备),
品驰医疗,品驰医疗,康复辅具;消费品,康复;智能硬件,B2B+B2C,制造商(硬件/设备),
英智康复,英智康复,医疗健康;康复辅具;消费品,康复;智能硬件;认知症,B2B+B2C,服务商,线下
爱康医疗,爱康医疗,康复辅具;消费品,康复;智能硬件,B2B,制造商(硬件/设备),
养老福祉圈,养老福祉圈,产业服务;养老住房;消费品;生活照护,行业媒体;辅具;适老化产品;适老化改造,B2B,服务商(媒体/数据),
小咖云,小咖云,产业服务;智能科技,数字化;行业媒体,B2B,服务商(媒体/数据),
银行＆保险公司,银行＆保险公司,消费品;金融保险,保险服务;养老金融,B2B+B2C,服务商,
绿康医养,绿康医养,养老住房,养老社区,B2B+B2C,服务商,
哺恩养老,哺恩养老,养老住房;医疗健康,养老社区;认知症,B2B+B2C,服务商,
方文咨询,方文咨询,产业服务,咨询研究,B2B,服务商,
群业咨询,群业咨询,产业服务,咨询研究,未标注,服务商,
天佑安康,天佑安康,产业服务,咨询研究,B2B,服务商,
Chapter,,消费品;金融保险,保险;保险服务;养老金融,B2B+B2C,服务商,
Honor,,生活照护,专业护理;居家护理,B2B+B2C,服务商,
Inspiren,,医疗健康;消费品,健康监测;智能硬件,B2B,技术服务商,
Accompany Health,,生活照护,居家护理,B2B+B2C,服务商,
Ageless Innovation,,文娱社交;生活照护,专业护理;老年文娱,B2B+B2C,服务商,
Amedisys,,医疗健康;生活照护,专业护理;临终关怀;居家护理,B2B+B2C,平台,
Athulya Senior Care,,渠道零售,银发零售,B2B+B2C,服务商,
Blooming Health,,医疗健康;文娱社交;智能科技;生活照护,SODH;专业护理;数字化;老年文娱,B2B+B2C,平台,
CarePredict,,医疗健康,健康监测;远程医疗,B2B,技术服务商,
Cariloop,,生活照护,专业护理,B2B+B2C,服务商,
Cera Care,,生活照护,专业护理;居家护理,未标注,服务商,
Empathy,,医疗健康,临终关怀,B2B+B2C,服务商,
ForSight Robotics,,智能科技,机器人,B2B+B2C,服务商,
Habitat Health,,养老住房;医疗健康;生活照护,SODH;专业护理;养老社区,B2B+B2C,平台,
Hinge Health,,医疗健康,健康管理;慢病管理,B2B+B2C,服务商,
Homethrive,,生活照护,专业护理;护理平台,B2B+B2C,服务商,
IXI,,消费品,眼镜,B2B,服务商(媒体/数据),
IntusCare,,生活照护,专业护理;居家护理,B2B+B2C,服务商,
Rippl Care,,养老住房;医疗健康,养老机构;心理健康服务;认知症,未标注,服务商,
Seen Health,,养老住房;生活照护;金融保险,专业护理;产业资本;养老社区,B2B+B2C,上市公司,
Silvernest,,养老住房,养老社区,B2B,技术服务商,
Sprinter Health,,医疗健康,远程医疗,B2B+B2C,服务商,
Sword Health,,医疗健康,健康管理;慢病管理,B2B,技术服务商,
Tombot,,养老住房;医疗健康;文娱社交,养老机构;老年文娱;认知症;陪伴机器人,B2B+B2C,服务商,
True Link Financial,,消费品;金融保险,保险服务;养老金融,B2C,服务商,
Vesta Healthcare,,生活照护,专业护理;居家护理,B2B+B2C,平台,
Vytalize Health,,生活照护;金融保险,专业护理;产业资本;保险;居家护理;虚拟护理,B2B+B2C,服务商,
Wellthy,,生活照护,专业护理;护理平台,B2B+B2C,服务商,
A Place for Mom,,养老住房;生活照护,养老机构;护理平台,B2B,服务商,
AARP Innovation Labs / AgeTech Collaborative,,产业服务,行业媒体,B2B,技术服务商,
英国,英国,产业服务,咨询研究,B2B,技术服务商,
Aging2.0 Collective,,产业服务,行业媒体,B2B,技术服务商,
Amava,,文娱社交,教育,B2B+B2C,平台,
亚马逊,亚马逊,渠道零售,银发零售,B2C,平台,线上
Apax Partners,,金融保险,产业资本,B2B,服务商(媒体/数据),
宝马,宝马,生活照护,适老化产品,B2C,服务商,
美国银行,美国银行,金融保险,养老金融,B2B,服务商(媒体/数据),
百思买,百思买,医疗健康;渠道零售,远程医疗;银发零售,B2B+B2C,服务商,
Bold,,文娱社交;生活照护,健身;居家护理;老年文娱,B2B+B2C,平台,
Brookdale Senior Living,布鲁克代尔,文娱社交,社交平台;老年文娱,B2B+B2C,服务商,
Cake,,医疗健康,临终关怀,B2B,服务商(媒体/数据),
Care.com,,生活照护,专业护理;护理平台,B2B+B2C,服务商,
CareAcademy,,生活照护,专业护理;居家护理,B2B+B2C,平台,
CareLinx,,生活照护,护理平台,B2B+B2C,服务商,
Carewell,,渠道零售,银发零售,B2C,服务商,
Current Health,,医疗健康;生活照护,居家护理;远程医疗,B2B+B2C,平台,
现名 CoGenerate,现名 CoGenerate,产业服务;文娱社交,就业;老年文娱,B2B+B2C,服务商,
Everplans,,医疗健康,临终关怀,B2B,服务商(媒体/数据),
Eversafe,,金融保险,养老金融,B2B,服务商(媒体/数据),
Meta,元公司（Meta）,医疗健康;文娱社交;消费品,智能硬件;社交平台;老年文娱;认知症,B2B+B2C,制造商(硬件/设备),
富达投资,富达投资,金融保险,养老金融,B2B,服务商(媒体/数据),
FreeWill,,医疗健康,临终关怀,B2B,服务商(媒体/数据),
Gather,,文娱社交,社交平台;老年文娱,B2C,平台,
GoGoGrandparent,,医疗健康,远程医疗,B2B,服务商(媒体/数据),
Golden,,金融保险,养老金融,B2B,服务商(媒体/数据),
GoodTrust,,医疗健康,临终关怀,B2B,服务商(媒体/数据),
GreatCall,,康复辅具;消费品,康复;智能硬件,B2C,制造商(硬件/设备),
Greycroft Partners,,金融保险,产业资本,B2B,技术服务商,
Hebrew Senior Life,,养老住房;医疗健康,健康管理;养老社区,B2B+B2C,平台,
Home Instead,,生活照护,专业护理;居家护理,B2B+B2C,平台,
Humana / Aetna / UnitedHealth / Cigna,,金融保险,产业资本,B2B+B2C,服务商,
Iris Healthcare,,医疗健康,临终关怀,B2B,服务商(媒体/数据),
摩根大通,摩根大通,金融保险,养老金融,B2B,服务商(媒体/数据),
强生,强生,医疗健康,慢病管理,B2B,服务商(媒体/数据),
凯撒医疗,凯撒医疗,金融保险,产业资本;保险,B2B+B2C,服务商,
Lively,,医疗健康;生活照护,健康管理;居家护理,B2B+B2C,平台,
Livongo,,医疗健康,慢病管理,B2B,服务商(媒体/数据),
Lululemon,,消费品,鞋服,B2B+B2C,平台,
Lyft Health,,医疗健康,远程医疗,B2B,服务商(媒体/数据),
麻省理工学院年龄实验室,麻省理工学院年龄实验室,产业服务,咨询研究,B2B,技术服务商,
梅奥诊所,梅奥诊所,医疗健康,远程医疗,B2B+B2C,服务商,
联邦医疗保险优势计划,联邦医疗保险优势计划,金融保险,保险,B2B+B2C,服务商,
美世咨询,美世咨询,产业服务,咨询研究,B2B,服务商,
美林证券，美国银行旗下,美林证券，美国银行旗下,金融保险,养老金融,B2B,服务商(媒体/数据),
Nesterly,,养老住房,养老社区,B2B,服务商(媒体/数据),
耐克,耐克,文娱社交,健身;老年文娱,B2C,服务商,
NimbleRx,,医疗健康,医疗器械,B2B,服务商(媒体/数据),
OXO,,产业服务,银发日用,B2B,服务商(媒体/数据),
PillPack,,医疗健康,医疗器械,B2B,服务商(媒体/数据),
Pivotal Ventures,,金融保险,产业资本,未标注,服务商,
Primetime Partners,,金融保险,产业资本,B2B,技术服务商,
保德信金融,保德信金融,金融保险,养老金融,B2B,服务商(媒体/数据),
ReBoot Accel,,产业服务,就业,B2B,服务商(媒体/数据),
Rendever,,文娱社交,老年文娱,B2B,服务商(媒体/数据),
Road Scholar,,文娱社交,教育;旅游;老年文娱,B2C,服务商,
三星,三星,消费品;生活照护,智能硬件;适老化产品,B2C,制造商(消费品),
Seniorly,,养老住房,养老社区,B2B,服务商,
Silver Bills,,金融保险,养老金融,B2B,服务商(媒体/数据),
Silvur,,金融保险,养老金融,B2B,服务商(媒体/数据),
斯坦福长寿研究中心,斯坦福长寿研究中心,医疗健康;金融保险,健康管理;养老金融,B2B,服务商(媒体/数据),
Techstars Future of Longevity Accelerator,,金融保险,产业资本,B2B,技术服务商,
Teladoc,,医疗健康,慢病管理;远程医疗,B2B+B2C,服务商,
Tembo Health,,医疗健康,慢病管理;认知症;远程医疗,B2B+B2C,服务商,
True Link,,金融保险,养老金融,B2B,服务商(媒体/数据),
Uber Health,,医疗健康,远程医疗,B2B,服务商(媒体/数据),
UpsideHōM,,养老住房,养老社区,B2B+B2C,平台,
村庄网络,村庄网络,文娱社交,社交平台;老年文娱,B2B+B2C,平台,
Vynca,,医疗健康,临终关怀,B2B,服务商(媒体/数据),
Warby Parker,,产业服务;渠道零售,银发日用;银发零售,未标注,服务商,线上;线下
Wider Circle,,文娱社交,社交平台;老年文娱,B2C,平台,
iRelaunch,,产业服务,就业,B2B,服务商(媒体/数据),
The Villages,,养老住房;文娱社交,养老社区;社交平台;老年文娱,B2B+B2C,平台,
Riverspring Living,,养老住房,养老机构,B2B+B2C,服务商,
August Health,,养老住房;生活照护,专业护理;养老社区,B2B,制造商(药),
Cala Health,,医疗健康;消费品;金融保险,产业资本;健康管理;智能硬件;认知症,B2B+B2C,服务商,
Synapticure,,医疗健康;生活照护,专业护理;认知症;远程医疗,B2B+B2C,服务商,
Geri Care,,医疗健康;生活照护,专业护理;健康管理,B2B+B2C,服务商,
Hello Sage,,养老住房;生活照护,专业护理;养老社区,B2B+B2C,平台,
Papa,,医疗健康;文娱社交;生活照护,专业护理;远程医疗;陪伴服务,B2B+B2C,服务商,
Oak Street Health,橡树街健康,医疗健康;金融保险,产业资本;健康管理,B2B+B2C,服务商,
Lifeway Mobility,,养老住房;消费品;生活照护,居家护理;智能硬件;适老化产品;适老化改造,B2B+B2C,平台,
Humana,,金融保险,产业资本;保险,B2B+B2C,服务商,
Aetna,,金融保险,产业资本;保险,B2B+B2C,服务商,
UnitedHealth,,金融保险,产业资本;保险,B2B+B2C,服务商,
Cigna,,金融保险,产业资本;保险,B2B+B2C,服务商,
a16z,,金融保险,产业资本,未标注,服务商,
Battery Ventures,,金融保险,产业资本,B2B+B2C,服务商,
Blue Venture Fund,,金融保险,产业资本,未标注,服务商,
Canaan,,金融保险,产业资本,未标注,服务商,
Comcast Ventures,,金融保险,产业资本,未标注,服务商,
Magnify Ventures,,金融保险,产业资本,未标注,服务商,
软银愿景基金,软银愿景基金,金融保险,产业资本,未标注,服务商,
Tiger Global,,金融保险,产业资本,未标注,服务商,
Emerson Collective,,金融保险,产业资本,未标注,服务商,
Generator Ventures,,金融保险,产业资本,B2B+B2C,服务商,
Kaiser Permanente Ventures,,金融保险,产业资本,B2B+B2C,服务商,
Oak HC/FT,,金融保险,产业资本,B2B+B2C,服务商,
Rethink Impact,,金融保险,产业资本,B2B+B2C,服务商,
Ziegler长寿基金,Ziegler长寿基金,金融保险,产业资本,未标注,服务商,
Wayfair,,智能科技;渠道零售,数字化;银发零售,B2C,平台,线上
Netflix,网飞,智能科技,数字化,B2B,服务商(媒体/数据),
Hulu,葫芦（Hulu）,智能科技,数字化,B2B,服务商(媒体/数据),
Coinbase,,智能科技,数字化,B2B,服务商(媒体/数据),
Airbnb,,智能科技,数字化,B2B,服务商(媒体/数据),
Salesforce,赛富时,智能科技,数字化,B2B,服务商(媒体/数据),
Google,,养老住房;金融保险,产业资本;适老化改造,B2B,技术服务商,
IBM,,智能科技,数字化,B2B,技术服务商,
Tivity Health,,文娱社交,健身,B2C,服务商,
SilverSneakers,,文娱社交,健身,B2C,服务商,
IAC,,智能科技,数字化,B2B+B2C,服务商,线上
GE Healthcare,GE医疗,生活照护,居家护理,B2B+B2C,平台,
101 Mobility,,养老住房,适老化改造,B2B,服务商(媒体/数据),
401GO,,金融保险,养老金融,B2B,技术服务商,
6Degrees,,文娱社交;消费品,智能硬件;社交平台;老年文娱;辅具,B2C,制造商(硬件/设备),
9amHealth,,医疗健康,慢病管理,B2B,服务商(媒体/数据),
AARP,美国退休人员协会,养老住房,养老社区,B2B,服务商(媒体/数据),
Abbvie,,养老住房;医疗健康,健康管理;养老机构;认知症,B2B,制造商(药),
AccessibleGO,,文娱社交,旅游,B2C,服务商,
AceAge,,消费品,智能硬件,B2B,制造商(药),
Actif,,医疗健康,认知症,B2B,服务商(媒体/数据),
AdhereTech,,医疗健康,健康管理,B2B,服务商(媒体/数据),
ADL Smartcar,,医疗健康,健康管理,B2B,服务商(媒体/数据),
Adonis,,文娱社交,社交平台;老年文娱,B2B,技术服务商,
Advosense,,生活照护,专业护理,B2B,服务商(媒体/数据),
After.com,,医疗健康,临终关怀,B2B,服务商(媒体/数据),线上
Age Bold,,医疗健康;文娱社交,健康监测;健康管理;健身,B2C,服务商,
AgeWell Global,,产业服务;文娱社交,就业;社交平台;老年文娱,B2B,技术服务商,
Air Protein,,食品营养,营养食品,B2C,制造商(消费品),
Aktiia,,医疗健康,健康监测;慢病管理,B2C,制造商(硬件/设备),
Alaffia Health,,文娱社交;生活照护,智慧养老;社交平台;老年文娱,B2B,技术服务商,
Alloy,,医疗健康;女性健康,女性健康服务;更年期,B2B,服务商(媒体/数据),
Allwayswithyou,,医疗健康;生活照护,专业护理;认知症;远程医疗,B2B+B2C,服务商,
American HealthTech,,智能科技,照护系统,B2B,平台,
Amplifon,,消费品;渠道零售,助听器;银发零售,B2B,技术服务商,
Anatomy Financial,,文娱社交;金融保险,养老金融;社交平台;老年文娱,B2B+B2C,服务商,
Angels on Call Homecare,,医疗健康;生活照护,居家护理;认知症,B2B+B2C,服务商,
Apple,,医疗健康;消费品;金融保险,产业资本;健康监测;健康管理;智能硬件,B2B,技术服务商,
Apree,,医疗健康,健康管理,B2B,服务商(媒体/数据),
Arbital Health,,智能科技,数字化,B2B,服务商(媒体/数据),
Artis Senior Living,,养老住房,养老机构,B2B+B2C,平台,
AssistMe,,生活照护,专业护理,B2B+B2C,服务商,
Assured Allies,,金融保险,保险科技,B2B,服务商(媒体/数据),
Author Health,,医疗健康;金融保险,产业资本;保险;心理健康服务,B2B+B2C,服务商,
Auxa Health,,医疗健康;文娱社交,SODH;社交平台;老年文娱;远程医疗,B2B,技术服务商,
Avation Medical,,医疗健康;消费品;生活照护,专业护理;健康管理;智能硬件,B2C,制造商(硬件/设备),
Axle Health,,医疗健康,健康管理,B2B,服务商(媒体/数据),
b.well Connected Health,,智能科技,照护系统,B2B,服务商(媒体/数据),
because,,生活照护,专业护理,B2B,服务商(媒体/数据),
Beta Bionics,,医疗健康,健康监测;慢病管理,B2B+B2C,服务商,
Better Coliving,,养老住房;文娱社交,养老社区;社交平台;老年文娱,B2B,技术服务商,
Better Health,,产业服务;医疗健康,慢病管理;银发日用,B2B,服务商(媒体/数据),
Biomotum,,康复辅具;智能科技;消费品,康复;智能硬件;机器人,B2B+B2C,制造商(硬件/设备),
Bioniq,,文娱社交;食品营养,社交平台;老年文娱;营养食品,B2B,技术服务商,
Birdie,,智能科技,数字化,B2B+B2C,服务商,
BirdWatch,,智能科技,数字化,B2B,服务商(媒体/数据),
Bloom Nutrition,,医疗健康;食品营养,女性健康服务;营养食品,B2C,服务商,
Bobbie,,食品营养,营养食品,B2B,服务商(媒体/数据),
Bone Health Technologies,,医疗健康,健康管理;慢病管理,B2B,服务商(媒体/数据),
BrainCheck,,医疗健康;智能科技,AI科技;认知症,B2B,服务商(媒体/数据),
Bridge Group,,养老住房,养老社区,B2B,服务商(媒体/数据),
Brightside Health,,医疗健康,心理健康服务,B2B,服务商(媒体/数据),
BrightSpring Health,,生活照护,居家护理,B2B,服务商(媒体/数据),
Brightview Senior Living,,养老住房;医疗健康,养老机构;认知症,B2B+B2C,服务商,
ByHeart,,食品营养,营养食品,B2C,制造商(消费品),
CardioSignal,,医疗健康,慢病管理,B2B,服务商(媒体/数据),
Care Continuity,,智能科技;生活照护,专业护理;护理平台;数字化,B2B+B2C,服务商,
CareBridge,,文娱社交;生活照护,居家护理;社交平台;老年文娱,B2B+B2C,平台,
CareCentrix,,生活照护,专业护理;居家护理,B2B+B2C,服务商,
Caredoc,,生活照护,居家护理,B2B+B2C,服务商,
Careforth,,生活照护,专业护理;护理平台,B2B+B2C,服务商,
Carefull,,文娱社交;金融保险,养老金融;社交平台;老年文娱,B2B,服务商,
Caregiver Media Group,,产业服务;生活照护,居家护理;行业媒体,B2B+B2C,服务商,
CareGuide,,生活照护,护理平台,B2B+B2C,服务商,
CareYaya,,生活照护,护理平台,B2B+B2C,服务商,
Carl,,医疗健康;康复辅具;消费品,康复;智能硬件;认知症,B2B+B2C,服务商,
Center Well,,医疗健康;生活照护,专业护理;健康管理,B2B+B2C,服务商,
Cerebral,,医疗健康,心理健康服务,B2B,服务商(媒体/数据),
ChenMed,,医疗健康,健康管理,B2C,服务商,
Ciba Health,,医疗健康,慢病管理,B2B,服务商(媒体/数据),
circleengage,,金融保险,保险科技,B2B+B2C,服务商,
Citizen Health,,医疗健康;文娱社交,健康管理;社交平台;老年文娱,B2B,技术服务商,
Cityblock Health,,医疗健康;文娱社交,慢病管理;社交平台;老年文娱,B2B+B2C,平台,
Clara Home Care,,生活照护,居家护理;护理平台,B2B+B2C,平台,
Clever Care Health Plan,,金融保险,产业资本;保险,B2B+B2C,服务商,
Clipboard Health,,产业服务,医护配置,B2B,服务商(媒体/数据),
Cloud DX,,医疗健康,慢病管理;远程医疗,B2B,服务商(媒体/数据),
CoachCare,,医疗健康,慢病管理;远程医疗,B2B+B2C,服务商,
Cohere Health,,医疗健康;文娱社交,健康管理;社交平台;老年文娱,B2B,技术服务商,
Compassus,,医疗健康;生活照护,临终关怀;居家护理,B2B+B2C,服务商,
Concerto Care,,生活照护,专业护理;居家护理,B2B+B2C,服务商,
Conduce Health,,智能科技,照护系统,B2B,服务商(媒体/数据),
Credo Health,,文娱社交;智能科技,数字化;社交平台;老年文娱,B2B,技术服务商,
CVS Health,,医疗健康,健康管理,B2B+B2C,服务商,
Daffodil Health,,文娱社交;生活照护,智慧养老;社交平台;老年文娱,B2B,技术服务商,
DarioHealth,,医疗健康,慢病管理,B2B+B2C,服务商,
Daughterhood,,文娱社交;生活照护,护理平台;社交平台;老年文娱,B2C,平台,
Day Two,,食品营养,营养食品,B2C,制造商(消费品),
Devoted Health,,金融保险,保险,B2B+B2C,服务商,
DigitalOwl,,文娱社交;智能科技,AI科技;数字化;社交平台;老年文娱,B2B,技术服务商,
Dimer Health,,医疗健康,健康管理,B2B,服务商(媒体/数据),
DiningRD,,食品营养,营养食品,B2B+B2C,平台,
Domma,,医疗健康;女性健康,女性健康服务;更年期,B2B,服务商(媒体/数据),
DoorSpace,,医疗健康,健康管理,B2B,服务商(媒体/数据),
Dorvie,,文娱社交,陪伴服务,B2B,服务商(媒体/数据),
Dwellr,,生活照护,护理平台,B2B+B2C,平台,
Eargo,,消费品,助听器,B2B,服务商(媒体/数据),
eargym,,文娱社交;消费品,助听器;社交平台;老年文娱,B2C,平台,线上
Elektra Health,,医疗健康;女性健康,女性健康服务;慢病管理;更年期;远程医疗,B2B+B2C,服务商,
Elidah,,康复辅具;消费品;生活照护,专业护理;康复;智能硬件,未标注,制造商(硬件/设备),
Ellipsis Health,,文娱社交;智能科技,AI科技;社交平台;老年文娱,B2C,平台,
ElliQ,,文娱社交,社交平台;老年文娱,B2B+B2C,服务商,
Embodied,,文娱社交,陪伴机器人,B2B+B2C,服务商,
Embr Labs,,医疗健康;消费品,健康监测;辅具,B2B,服务商(媒体/数据),
Evernow,,医疗健康;女性健康,女性健康服务;更年期,B2B,服务商(媒体/数据),
Family First,,生活照护;金融保险,专业护理;产业资本;护理平台,B2B+B2C,服务商,
findhelp,,医疗健康;生活照护,SODH;专业护理,B2B+B2C,服务商,
Float,,产业服务,医护配置,B2B,服务商(媒体/数据),
flyte,,生活照护,专业护理,B2B,技术服务商,
Foodsmart,,医疗健康;食品营养,营养食品;远程医疗,B2C,制造商(消费品),
Foundation Partners Group,,医疗健康,临终关怀,B2B,服务商(媒体/数据),
Friendi.fi,,文娱社交,社交平台;老年文娱;陪伴机器人,B2B,技术服务商,
Gather Health,,医疗健康;生活照护,SODH;居家护理,未标注,服务商,
Gennev,,医疗健康;女性健康,女性健康服务;更年期,B2B,服务商(媒体/数据),
GeoH,,智能科技;生活照护,专业护理;照护系统,B2B+B2C,服务商,
GetSetUp,,文娱社交,教育;老年文娱,B2B,服务商(媒体/数据),线上
Glooko,,医疗健康,健康监测;慢病管理,B2B,技术服务商,
GoodRx,,医疗健康,健康管理,未标注,上市公司,
Grace,,医疗健康;生活照护,专业护理;女性健康服务,B2B,服务商(媒体/数据),
Grand Circle,,文娱社交,旅游,B2B,服务商(媒体/数据),
Grayce,,医疗健康;生活照护,SODH;专业护理,B2B+B2C,服务商,
GroundGame Health/SameSky Health,,医疗健康,健康管理,B2B,服务商(媒体/数据),
Grow Therapy,,医疗健康,心理健康服务,B2B+B2C,服务商,
Growl,,文娱社交,健身;社交平台;老年文娱,B2B,技术服务商,
Guaranteed Health,,医疗健康,临终关怀;慢病管理;远程医疗,B2B+B2C,服务商,
Halmek,,产业服务;渠道零售,电商;银发日用;银发零售,B2B,服务商(媒体/数据),
Hamilton Health Box,,医疗健康,健康管理,B2B,服务商(媒体/数据),
Harbor Health,,医疗健康,健康管理,B2B,服务商(媒体/数据),
HarmonyCares,,医疗健康;生活照护,健康管理;居家护理,未标注,服务商,
Hazel,,生活照护,专业护理,B2B,服务商(媒体/数据),
Headway,,医疗健康,心理健康服务,B2B+B2C,服务商,
HealthArc,,医疗健康;生活照护,专业护理;护理平台;远程医疗,B2B+B2C,服务商,
HealthSnap,,医疗健康;生活照护,专业护理;慢病管理;虚拟护理,B2B+B2C,服务商,
Hedia,,医疗健康,健康监测;慢病管理,B2B+B2C,服务商,
Hello Heart,,医疗健康,健康监测;慢病管理,B2B,服务商(媒体/数据),线上
hellocare.ai,,智能科技;生活照护,AI科技;专业护理;虚拟护理,B2B,技术服务商,
Help-full,,文娱社交,老年文娱;陪伴服务,B2B,服务商(媒体/数据),
Helper bees,,生活照护,居家护理;适老化产品,B2B+B2C,服务商,
Heyday Health,,生活照护;金融保险,产业资本;居家护理,B2B+B2C,服务商,
Hibiscus Health,,医疗健康,健康监测;慢病管理,B2B,技术服务商,
HiDO,,医疗健康;康复辅具;消费品,健康管理;康复;智能硬件,B2B+B2C,制造商(硬件/设备),线上
Homeage,,医疗健康,健康管理,B2B,服务商(媒体/数据),
HomeCare.com,,生活照护,护理平台,B2B+B2C,服务商,
Huel,,食品营养,营养食品,B2C,制造商(消费品),
Hyfe AI,,医疗健康;文娱社交,健康监测;社交平台;老年文娱,B2B,技术服务商,
Ilant Health,,医疗健康,健康管理,B2B,服务商(媒体/数据),
Imperative Care,,医疗健康,慢病管理,B2B+B2C,服务商,
In-House Health,,文娱社交;生活照护,智慧养老;社交平台;老年文娱,B2B,技术服务商,
Incredible Health,,产业服务,医护配置,B2B,服务商(媒体/数据),
Infinitus Systems,,文娱社交;生活照护,智慧养老;社交平台;老年文娱,B2B,技术服务商,
InHome Therapy,,康复辅具;消费品;生活照护,居家护理;康复;智能硬件,B2B+B2C,服务商,
Isaac Health,,医疗健康,认知症,B2B+B2C,服务商,
Jellydrops,,医疗健康,认知症,B2B,服务商(媒体/数据),
JOGO Health,,医疗健康;消费品,心理健康服务;慢病管理;智能硬件;认知症,未标注,制造商(硬件/设备),
joyforall,,医疗健康;文娱社交,老年文娱;认知症,B2B+B2C,服务商,
K4Connect,,养老住房,适老化改造,B2B,服务商(媒体/数据),
Kalogon,,产业服务;消费品,智能硬件;银发日用,B2B,服务商(媒体/数据),
Keep Company,,生活照护,专业护理,B2B+B2C,服务商,
Kemtai,,产业服务;文娱社交;消费品,健身;感官辅助;眼镜,B2B,技术服务商,
Kins,,医疗健康;生活照护,专业护理;健康管理;居家护理,B2B+B2C,服务商,
Kinto,,医疗健康;文娱社交;智能科技,AI科技;社交平台;老年文娱;认知症,B2B,技术服务商,
Kismet,,生活照护,护理平台,B2B+B2C,服务商,
Koda Health,,生活照护,专业护理;护理平台,B2B+B2C,服务商,
Labrador Systems,,智能科技;消费品,机器人;辅具,B2B+B2C,服务商,
Lace AI Pro,,产业服务;消费品,助听器;感官辅助,未标注,服务商,
Ladder,,文娱社交,健身;老年文娱,B2C,服务商,
LifeAfterMe,,医疗健康,临终关怀,B2B,服务商(媒体/数据),
LifeBio,,医疗健康;文娱社交,心理健康服务;老年文娱,B2B,技术服务商,
LifeLoop,,养老住房;文娱社交,养老社区;社交平台;老年文娱,B2B+B2C,平台,
Lilli,,医疗健康;文娱社交;消费品,智能硬件;社交平台;老年文娱;远程医疗,B2B,技术服务商,
Linus Health,,医疗健康,认知症,未标注,服务商,
Livara Health,,医疗健康,慢病管理,B2B,服务商(媒体/数据),
Log my Care,,生活照护,护理平台,B2B,服务商(媒体/数据),
Lottie,,生活照护,护理平台,B2B,服务商(媒体/数据),
Lotus Ring,,消费品,智能硬件;辅具,B2B,服务商(媒体/数据),
LUCID (Resonance Rx),,医疗健康;文娱社交,老年文娱;认知症,B2B,技术服务商,
Luminary,,医疗健康;金融保险,临终关怀;养老金融,B2B,服务商,
Mable,,生活照护,护理平台,B2B+B2C,服务商,
Marta,,生活照护,居家护理;护理平台,B2B+B2C,平台,
Maven Clinic,,医疗健康,女性健康服务,B2B,服务商(媒体/数据),
Mealogic,,食品营养,营养食品,B2B,服务商(媒体/数据),
MedArrive,,医疗健康,SODH,B2B,服务商(媒体/数据),
Medisafe,,医疗健康;文娱社交,健康管理;社交平台;老年文娱,B2B,制造商(药),线上
MedMinder,,消费品,智能硬件,B2B+B2C,服务商,
Meela,,文娱社交,社交平台;老年文娱;陪伴机器人,B2B,技术服务商,
Mend,,文娱社交;食品营养,社交平台;老年文娱;营养食品,B2C,制造商(消费品),
Menolabs,,医疗健康;女性健康;食品营养,保健品;女性健康服务;更年期,未标注,服务商,
Metyos,,医疗健康;消费品,慢病管理;智能硬件,B2B+B2C,制造商(硬件/设备),
Midi Health,,女性健康;生活照护,专业护理;更年期;虚拟护理,B2B+B2C,服务商,
Mighty Health,,文娱社交,健身,B2C,制造商(消费品),
Miihealth,,文娱社交,社交平台;老年文娱;陪伴机器人,B2C,制造商(硬件/设备),
MindAhead,,医疗健康,心理健康服务;认知症,B2B,服务商(媒体/数据),
MindMics,,医疗健康,健康监测;慢病管理,B2B,技术服务商,
Modify Health,,食品营养,营养食品,B2C,制造商(消费品),
Modivcare,,医疗健康;生活照护,SODH;专业护理;远程医疗,B2B+B2C,服务商,
Moneta Health,,医疗健康;康复辅具;消费品,康复;智能硬件;认知症;认知训练,B2B+B2C,服务商,
Monogram Health,,医疗健康;生活照护,居家护理;慢病管理,B2B+B2C,平台,
More Life Health,,医疗健康;文娱社交,健康管理;健身,B2C,服务商,
myo,,文娱社交;智能科技,数字化;社交平台;老年文娱,B2B+B2C,服务商,线上
Naborforce,,文娱社交,陪伴服务,B2B,服务商(媒体/数据),
Navel,,文娱社交,老年文娱;陪伴机器人,B2B+B2C,服务商,
NeoSilver,,文娱社交,老年文娱,B2B,服务商(媒体/数据),
NeuroClues,,医疗健康;消费品,健康管理;智能硬件;认知症,B2B+B2C,制造商(硬件/设备),
NeuroNation,,医疗健康,认知症,未标注,制造商(硬件/设备),
NewRetirement,,金融保险,养老金融,B2B,服务商(媒体/数据),
NexStride,,消费品,智能硬件;辅具,B2B+B2C,制造商(硬件/设备),
Nice healthcare,,生活照护,居家护理,B2B+B2C,服务商,
Nirvana,,文娱社交;生活照护;金融保险,保险科技;智慧养老;社交平台;老年文娱,B2B+B2C,服务商,
Nobel Hygiene,,产业服务,银发日用,B2B,服务商(媒体/数据),
Nobi,,医疗健康;消费品,健康监测;智能硬件,B2B,服务商(媒体/数据),
Nomad Health,,产业服务,医护配置,B2B,服务商(媒体/数据),
Nourish,,医疗健康,远程医疗,B2B+B2C,服务商,
NourishedRx,,食品营养,营养食品,B2C,制造商(消费品),
Nudj Health,,医疗健康,SODH,B2B+B2C,服务商,
Omena,,医疗健康;女性健康,健康管理;女性健康服务;更年期,B2C,服务商,
One Medical,,养老住房;医疗健康;文娱社交,健康管理;养老社区;社交平台;老年文娱,B2C,平台,
OneroRx,,医疗健康,远程医疗,B2B,服务商(媒体/数据),
OneStep,,医疗健康,健康监测,B2C,制造商(硬件/设备),
OrCam MyEye 3 Pro,,产业服务;消费品,感官辅助;眼镜;辅具,未标注,服务商,
Osher Lifelong Learning Institutes (OLLI),,文娱社交,教育,B2B,服务商(媒体/数据),
Oshi Health,,医疗健康,健康管理;慢病管理,B2B+B2C,服务商,
Pallie AI,,文娱社交,社交平台;老年文娱;陪伴机器人,B2B,技术服务商,
PanTheryx,,医疗健康;食品营养,健康管理;营养食品,B2B,服务商(媒体/数据),
Pear Suite,,医疗健康;智能科技,SODH;数字化,B2B+B2C,平台,
Pearl Health,,医疗健康;女性健康,女性健康服务;更年期,B2B,服务商(媒体/数据),
PeerLyfe,,医疗健康;文娱社交,SODH;社交平台;老年文娱,B2B+B2C,平台,
PeopleOne Health,,医疗健康;生活照护,专业护理;健康管理,B2B+B2C,服务商,
Perry,,女性健康,更年期,B2B+B2C,平台,
Pillo Health,,医疗健康,健康管理,B2B,服务商(媒体/数据),
Punto Health,,医疗健康;文娱社交;智能科技,AI科技;社交平台;老年文娱;认知症,B2B,技术服务商,
PurFoods,,食品营养,营养食品,B2B,服务商(媒体/数据),
Pyx Health,,文娱社交;生活照护,专业护理;老年文娱;陪伴机器人,B2B+B2C,服务商,
RapidClaims,,医疗健康;文娱社交;智能科技,AI科技;健康管理;社交平台;老年文娱,B2B,技术服务商,
Redi Health,,医疗健康,健康管理,B2B,制造商(药),
reev.care,,康复辅具;消费品,康复;智能硬件;辅具,未标注,制造商(硬件/设备),
Remodel Health,,金融保险,保险,B2B,服务商(媒体/数据),
Rest Less,,产业服务,就业,B2B,服务商(媒体/数据),
RETISPEC,,医疗健康,认知症,未标注,服务商,
Rune Labs,,医疗健康;智能科技;消费品,心理健康服务;数字化;智能硬件;认知症,B2B,平台,
RxDiet,,文娱社交;智能科技,AI科技;社交平台;老年文娱,B2B,技术服务商,
SafelyYou,,医疗健康;生活照护,专业护理;健康监测;认知症,B2B+B2C,服务商,
Saga,,文娱社交,旅游,B2B,服务商(媒体/数据),
Sage Inc.,,生活照护,专业护理;护理平台,B2B+B2C,服务商,
Sava,,医疗健康,健康监测;慢病管理,B2B+B2C,服务商,
Savaria Corporation,萨瓦瑞亚,养老住房;消费品;生活照护,智能硬件;适老化产品;适老化改造,B2B+B2C,制造商(硬件/设备),
SCI (Service Corporation International),,医疗健康,临终关怀,未标注,上市公司,
Season Health,,产业服务;医疗健康,咨询研究;远程医疗,B2C,制造商(消费品),
Senior Planet,,文娱社交,教育,B2B,服务商(媒体/数据),
Senior.com,,产业服务;渠道零售,电商;银发日用;银发零售,B2B+B2C,服务商,
SeniorCare.com,,文娱社交,社交平台;老年文娱,B2B+B2C,服务商,
SeniorHousingLiving,,产业服务;医疗健康;文娱社交;生活照护,健康管理;居家护理;社交平台;老年文娱;行业媒体,B2B+B2C,服务商,
Seniors Helping Seniors,,产业服务;文娱社交,就业;社交平台;老年文娱,B2B+B2C,服务商,
SeniorSafetyAdvice,,产业服务;医疗健康;文娱社交;生活照护,健康管理;居家护理;社交平台;老年文娱;行业媒体,B2B+B2C,服务商,
Senpai,,文娱社交,老年文娱;陪伴机器人,B2B,服务商(媒体/数据),
Sensi.AI,,医疗健康;文娱社交,健康监测;社交平台;老年文娱,B2B,技术服务商,
Sharecare,,医疗健康,健康管理,B2B+B2C,服务商,
ShiftKey,,产业服务,医护配置,B2B,服务商(媒体/数据),
ShiftMed,,产业服务,医护配置,B2B,服务商(媒体/数据),
Sidecar Health,,金融保险,保险,B2B+B2C,服务商,
SiftWell Analytics,,医疗健康;文娱社交;生活照护,智慧养老;社交平台;老年文娱;认知症,B2B,技术服务商,
Signify Health,,医疗健康,健康监测,B2B,服务商(媒体/数据),
SimplyConnect,,医疗健康,SODH,B2B+B2C,服务商,
Sit and Be Fit,,文娱社交,健身;老年文娱,B2C,服务商,
Smithsonian Journeys,,文娱社交,旅游,B2B,服务商(媒体/数据),
Sollis Health,,养老住房;医疗健康;文娱社交,养老社区;社交平台;老年文娱;远程医疗,B2C,平台,
SomaReality,,医疗健康,健康管理;认知症,B2C,服务商,
Somatus,,医疗健康,慢病管理,B2B+B2C,服务商,
Somnee,,医疗健康;文娱社交;智能科技,健康监测;睡眠科技;社交平台;老年文娱,B2B,技术服务商,
Sonova (索诺瓦),Sonova (索诺瓦),消费品,助听器,B2B,服务商(媒体/数据),
Spark Advisors,,金融保险,保险,B2B+B2C,服务商,
SpinSci,,医疗健康;文娱社交,健康管理;社交平台;老年文娱,B2B,技术服务商,
Spring Health,,医疗健康,心理健康服务,B2B,服务商(媒体/数据),
Starling Medical,,医疗健康;消费品,慢病管理;智能硬件;远程医疗,B2B+B2C,制造商(硬件/设备),
Steadiwear,,产业服务;消费品,辅具;银发日用,B2B,服务商(媒体/数据),
Stepful,,产业服务,咨询研究,B2C,服务商,
Stitch,,文娱社交,老年文娱,B2B,服务商(媒体/数据),
Stripes Beauty,,医疗健康;女性健康;食品营养,保健品;女性健康服务;更年期,未标注,服务商,
Strive Health,,医疗健康;生活照护,专业护理;慢病管理,B2B+B2C,服务商,
Sugar.fit,,医疗健康,健康监测;慢病管理,B2B+B2C,服务商,
Swift Medical,,智能科技;生活照护,专业护理;数字化,B2B,技术服务商,
Switchboard Health,,生活照护,居家护理,B2B+B2C,服务商,
Talkiatry,,医疗健康;消费品,心理健康服务;智能硬件;认知症,B2B+B2C,服务商,
Teami,,医疗健康,SODH,B2B,服务商(媒体/数据),
Tennr,,医疗健康,健康管理,B2B,服务商(媒体/数据),
Thinkie,,医疗健康,认知症,B2C,制造商(硬件/设备),
Thoughtful AI,,文娱社交;生活照护,智慧养老;社交平台;老年文娱,B2B,技术服务商,
Thrive AI Health,,医疗健康;文娱社交;生活照护,慢病管理;智慧养老;社交平台;老年文娱,B2B,技术服务商,
Tia,,医疗健康,女性健康服务,B2B,服务商(媒体/数据),线上;线下
Together by Renee,,医疗健康;文娱社交,健康管理;社交平台;老年文娱,B2B+B2C,服务商,
Toi Labs,,产业服务;消费品,智能硬件;银发日用,B2C,制造商(硬件/设备),
Tomorrow Health,,生活照护,专业护理,B2B+B2C,服务商,
Transcarent,,医疗健康,健康管理,B2B+B2C,服务商,
Tuesday Health,,医疗健康;生活照护,临终关怀;居家护理,B2B+B2C,服务商,
Tuned,,文娱社交;消费品,助听器;社交平台;老年文娱,B2B,技术服务商,
Two Chairs,,医疗健康,心理健康服务,B2B,服务商(媒体/数据),
TympaHealth,,消费品,助听器,B2B,服务商(媒体/数据),
Unfabled,,产业服务;医疗健康;渠道零售;食品营养,保健品;女性健康服务;银发日用;银发零售,未标注,服务商,
UnitedHealth Group (UHG),,医疗健康,健康管理,B2B+B2C,服务商,
Upsidehom,,养老住房,养老社区,B2B,服务商(媒体/数据),
Upward Health,,医疗健康;生活照护,居家护理;慢病管理,B2B+B2C,服务商,
Vayyar,万蕴,医疗健康,健康监测,B2B,服务商(媒体/数据),
vermut,,文娱社交,社交平台;老年文娱,B2C,平台,线上
Vi Health,,医疗健康;女性健康;文娱社交,女性健康服务;更年期;社交平台;老年文娱,B2C,平台,线上
Videra Health,,医疗健康;文娱社交;生活照护,健康管理;智慧养老;社交平台;老年文娱,B2B,技术服务商,
Virtuleap,,医疗健康,认知症;认知训练,B2B,技术服务商,
Visibly,,产业服务;消费品,感官辅助;眼镜;银发日用,未标注,服务商,
Vitable,,医疗健康,健康管理,未标注,服务商,
VitalTech,,医疗健康,慢病管理;远程医疗,B2B+B2C,服务商,
Vitas,,医疗健康,临终关怀,B2B,服务商(媒体/数据),
Vivian Labs,,女性健康,更年期,B2B+B2C,服务商,
Vivo,,医疗健康;文娱社交,健康管理;健身,B2C,服务商,
Voiceitt,,文娱社交;消费品,社交平台;老年文娱;辅具,B2B,技术服务商,
Vori Health,,医疗健康,健康管理,B2B+B2C,服务商,
Voxela,,医疗健康;文娱社交;生活照护,健康监测;智慧养老;社交平台;老年文娱,B2B,技术服务商,
Vyld,,生活照护,专业护理,B2B,服务商(媒体/数据),
VyncaCare,,医疗健康;生活照护,专业护理;临终关怀,B2B+B2C,服务商,
Waterlily,,文娱社交;生活照护,居家护理;智慧养老;社交平台;老年文娱,B2B,技术服务商,
Watershed Health,,生活照护,护理平台,B2B+B2C,服务商,
Welbi,,养老住房;医疗健康,健康管理;养老机构,B2B+B2C,平台,
Wesper,,医疗健康,健康监测;认知症,B2B+B2C,服务商,
Wheel,,智能科技;生活照护,专业护理;数字化;虚拟护理,B2B+B2C,服务商,
Wheel the World,,文娱社交,旅游,B2B,服务商(媒体/数据),
Wile,,女性健康;食品营养,更年期;营养食品,B2B,服务商(媒体/数据),
Xander Glasses,,文娱社交;消费品,眼镜;老年文娱,B2B,服务商(媒体/数据),
YgEia3,,食品营养,营养食品,B2B,服务商(媒体/数据),
Yurtle,,智能科技;生活照护;金融保险,保险;居家护理;数字化,B2B+B2C,服务商,
Zen Sleep,,医疗健康,健康监测;认知症,B2B+B2C,服务商,
Zing Health,,医疗健康;金融保险,SODH;保险,B2B,服务商(媒体/数据),
Zinnia,,医疗健康,认知症,B2B,服务商(媒体/数据),
Ōmcare,,医疗健康,健康管理,B2B,制造商(药),
ŌURA,欧若拉,医疗健康;消费品,健康监测;智能硬件,B2B,服务商(媒体/数据),
大和房屋工业 (Daiwa House),大和房屋工业 (Daiwa House),养老住房,适老化改造,B2B,服务商(媒体/数据),
积水房屋 (Sekisui House),积水房屋 (Sekisui House),养老住房;生活照护,适老化产品;适老化改造,B2B,服务商(媒体/数据),
茑屋书店,茑屋书店,养老住房,养老社区,B2B,服务商(媒体/数据),
茜会,茜会,文娱社交,相亲,B2B,服务商(媒体/数据),线下
Ashiana Housing,,养老住房,养老社区,B2B,服务商(媒体/数据),
Club Tourism,,文娱社交,旅游,B2C,服务商,
HealthKart,,食品营养,保健品;营养食品,B2C,制造商(消费品),
Ivory,,医疗健康,认知症,未标注,服务商,
Khyaal,,文娱社交,老年文娱,B2B,服务商(媒体/数据),
Nikko Travel,,文娱社交,旅游,未标注,上市公司,
Partner Agent,,文娱社交,相亲,B2B,服务商(媒体/数据),
Seniorworld,,文娱社交,社交平台;老年文娱,B2B+B2C,平台,
镰仓新书,镰仓新书,医疗健康,临终关怀,未标注,上市公司,
Landmark Health,,生活照护,居家护理,B2B+B2C,平台,
Optum (Home & Community),,文娱社交;生活照护,专业护理;居家护理;老年文娱,B2B+B2C,平台,
DispatchHealth,,生活照护,专业护理;居家护理,B2B+B2C,平台,
Medically Home,,生活照护,居家护理,B2B+B2C,平台,
Iora Health,,生活照护;金融保险,产业资本;护理平台,B2B+B2C,服务商,
Philips (Lifeline),飞利浦（Lifeline）,消费品;生活照护;金融保险,产业资本;居家护理;智能硬件,B2C,制造商(硬件/设备),
Best Buy Health,百思买健康,医疗健康;生活照护,居家护理;慢病管理,B2B+B2C,平台,
Encompass Health,,医疗健康;生活照护,专业护理;居家护理;远程医疗,未标注,上市公司,
AccentCare,,生活照护,专业护理;居家护理,B2B+B2C,服务商,线下
Right At Home,,生活照护,专业护理;居家护理,B2B+B2C,服务商,
LHC Group,,医疗健康;生活照护,临终关怀;居家护理,未标注,上市公司,
Aveanna Healthcare,,医疗健康;生活照护,临终关怀;居家护理,未标注,上市公司,
InnovAge,,养老住房;生活照护,专业护理;养老社区;居家护理,未标注,上市公司,
Addus HomeCare,爱德斯家庭护理,生活照护,专业护理;居家护理,未标注,上市公司,
The Pennant Group,,医疗健康;生活照护,临终关怀;居家护理,未标注,上市公司,
Enhabit,,医疗健康;生活照护,临终关怀;居家护理,未标注,上市公司,
Ready Responders,,医疗健康;生活照护,健康管理;居家护理,B2B+B2C,平台,
Kenbi,,生活照护,居家护理,B2B+B2C,服务商,
Emoha Elder Care,,生活照护,专业护理;居家护理,B2B+B2C,服务商,
BelleVie,,医疗健康;生活照护,专业护理;居家护理;认知症,B2B+B2C,平台,
Voize,,文娱社交;智能科技,数字化;机器人;社交平台;老年文娱,B2B,技术服务商,
Orion,,医疗健康;文娱社交;智能科技;消费品,健康监测;智能硬件;睡眠科技;社交平台;老年文娱,B2B,技术服务商,
Arya Health,,康复辅具;文娱社交;智能科技,康复;数字化;社交平台;老年文娱,B2B,技术服务商,
Nestimate,,金融保险,养老金融,B2B+B2C,服务商,
IO Health Technologies,,医疗健康;文娱社交;智能科技;生活照护,临终关怀;居家护理;数字化;智慧养老;老年文娱,B2B+B2C,平台,
Synchron,,医疗健康;智能科技,AI科技;认知症,B2B,服务商(媒体/数据),
ExaCare AI,,文娱社交;智能科技;生活照护,数字化;智慧养老;社交平台;老年文娱,B2B,技术服务商,
Duos,,文娱社交;生活照护;金融保险,产业资本;保险科技;智慧养老;社交平台;老年文娱,B2B+B2C,服务商,
Google Gemini AI 健康教练,Google Gemini AI 健康教练,文娱社交;生活照护,智慧养老;社交平台;老年文娱,B2B,技术服务商,
LambdaVision,,医疗健康;消费品,医疗器械;眼镜,B2B,服务商(媒体/数据),
Hippocratic AI,,文娱社交;智能科技,数字化;社交平台;老年文娱,B2B,技术服务商,
Generation Lab,,智能科技,长寿科技,B2B,制造商(硬件/设备),
Nila,,文娱社交;生活照护,专业护理;旅游,B2B+B2C,服务商,
NewDays,,医疗健康;文娱社交,社交平台;老年文娱;认知症;认知训练;陪伴机器人,B2B+B2C,服务商,
Sunrise Group,,医疗健康;智能科技,健康监测;睡眠科技,B2B,技术服务商,
Eight Sleep,八睡眠,医疗健康;智能科技;消费品,健康监测;智能硬件;睡眠科技,B2B,技术服务商,
Leal Therapeutics,,医疗健康,认知症,B2B,制造商(药),
Jocasta Neuroscience,,医疗健康;智能科技,认知症;长寿科技,B2B,技术服务商,
Wellth,,医疗健康;金融保险,产业资本;健康管理;慢病管理,B2B+B2C,服务商,
SetPoint Medical,,康复辅具;智能科技;消费品,康复;智能硬件;长寿科技,B2B+B2C,制造商(硬件/设备),
世道护理,世道护理,生活照护,专业护理,B2B+B2C,服务商,
Accelera,,康复辅具,康复,B2C,制造商(硬件/设备),
Amba,,智能科技,机器人;照护系统,B2B+B2C,服务商,
Ping,,产业服务,咨询研究,B2B,服务商(媒体/数据),
Clairvoyant Networks,,医疗健康,健康监测;远程医疗,B2B,技术服务商,
Artifcts,,医疗健康,临终关怀,B2C,服务商,
ONSCREEN,,医疗健康,远程医疗,未标注,服务商,
Embodied Labs,,文娱社交,老年文娱,B2C,服务商,
Discover Live,,文娱社交,旅游,B2C,服务商,
MyHelloLine,,医疗健康,心理健康服务,B2B+B2C,服务商,
SuperAging News,,产业服务;渠道零售,行业媒体;银发零售,B2C,平台,线上
JOY FOR ALL,,文娱社交;智能科技,机器人;陪伴机器人,未标注,服务商,
Phoenix Hipwear,,医疗健康,健康监测,未标注,服务商,
Brava,,消费品;食品营养,智能硬件;营养食品,B2B,技术服务商,
Homage,,生活照护,居家护理;护理平台,未标注,服务商,
Trusty.care,,金融保险,保险科技;养老金融,未标注,服务商,
DNX,,医疗健康,健康监测;心理健康服务,未标注,服务商,
Elder,,生活照护,居家护理;护理平台,未标注,服务商,
Patronus,,医疗健康,健康管理,未标注,服务商,
Emoha,,生活照护,居家护理,未标注,服务商,
Lindera,,医疗健康,健康监测,未标注,服务商,
Labrador,,智能科技;消费品,智能硬件;机器人,未标注,服务商,
SmartQare,,医疗健康,健康监测,未标注,服务商,
NurseBuddy,,智能科技,照护系统,未标注,服务商,
Aloe Care Health,,医疗健康,健康监测,未标注,服务商,
GrandCare Systems,,医疗健康;消费品,智能硬件;远程医疗,未标注,服务商,
Cuideo,,生活照护,居家护理;护理平台,未标注,服务商,
Cooey Health,,医疗健康,慢病管理;远程医疗,未标注,服务商,
Senniors,,生活照护,居家护理,未标注,服务商,
GrandPad,,医疗健康;消费品,心理健康服务;智能硬件,未标注,服务商,
LIBIFY,,医疗健康,健康监测,未标注,服务商,
Nourish Care,,智能科技,照护系统,未标注,服务商,
Herewith,,生活照护,居家护理,未标注,服务商,
RetroBrain R&D,,医疗健康,认知症;认知训练,未标注,服务商,
Empassion Health,,智能科技;生活照护,护理平台;照护系统,未标注,服务商,
eCaring,,智能科技,照护系统,未标注,服务商,
Jubo Health,,医疗健康;生活照护,健康监测;居家护理,未标注,服务商,
Aline (Sherpa),,智能科技,照护系统,未标注,服务商,
Smartcare,,智能科技,照护系统,未标注,服务商,
MyndVR,,医疗健康,心理健康服务,未标注,服务商,
CARU,,医疗健康,健康监测,未标注,服务商,
PalCare,,医疗健康;智能科技,健康监测;照护系统,未标注,服务商,
AutumnCare,,智能科技,照护系统,未标注,服务商,
Mon Ami,,智能科技,照护系统,未标注,服务商,
Care Daily,,医疗健康;智能科技,AI科技;健康监测,未标注,服务商,
Caring.com,,产业服务,咨询研究,未标注,服务商,
Eldermark,,智能科技,照护系统,未标注,服务商,
ZIBRIO,,医疗健康,健康监测,未标注,服务商,
Intus Care,,医疗健康;智能科技,AI科技;健康监测,未标注,服务商,
Effectivate,,医疗健康;智能科技,AI科技;认知症;认知训练,未标注,服务商,
Gubbe,,智能科技,照护系统,未标注,服务商,
CareConnectMD,,医疗健康;生活照护,健康管理;居家护理,未标注,服务商,
HaloCare,,医疗健康,远程医疗,未标注,服务商,
Endear Health,,医疗健康,健康管理,未标注,服务商,
Sensi,,医疗健康,健康监测,未标注,服务商,
Sensara,,医疗健康,健康监测,未标注,服务商,
Good Life Sorted,,消费品,智能硬件,未标注,服务商,
Cubigo,,智能科技,数字化,未标注,服务商,
Sage,,医疗健康;智能科技;消费品,AI科技;健康监测;智能硬件,未标注,服务商,
NewLimit,,智能科技,长寿科技,未标注,服务商,
Fountain Life,,智能科技,长寿科技,未标注,服务商,
OneSkin,,智能科技;消费品,个护;长寿科技,未标注,服务商,
Intuition Robotics,,文娱社交;智能科技,机器人;陪伴机器人,未标注,服务商,
Wanda Health,,医疗健康,远程医疗,未标注,服务商,
Percipio Health,,医疗健康,远程医疗,未标注,服务商,
The Helper Bees,,生活照护;金融保险,养老金融;居家护理,未标注,服务商,
Haelo,,医疗健康;消费品,健康监测;智能硬件,未标注,服务商,
Uniper Care,,文娱社交,陪伴机器人,未标注,服务商,
Axena Health,,医疗健康,女性健康服务,未标注,服务商,
Neursantys,,医疗健康,健康监测;心理健康服务,未标注,服务商,
Cadense,,消费品,智能硬件;鞋服,未标注,服务商,
Cherish,,医疗健康,健康监测,未标注,服务商,
Diligent Robotics,,智能科技,机器人,未标注,服务商,
Elemind,,医疗健康,心理健康服务,未标注,服务商,
Mindr,,医疗健康,认知症,未标注,服务商,
Healthnix,,食品营养,营养食品,未标注,服务商,
Jona,,智能科技;食品营养,AI科技;营养食品,未标注,服务商,
Miils,,食品营养,营养食品,未标注,服务商,
Pepper,,文娱社交,老年文娱,未标注,服务商,
Ultrahuman,,医疗健康,健康监测,未标注,服务商,
玄源科技 X-ORIGIN-AI,玄源科技,文娱社交,陪伴机器人,未标注,服务商,
优龙机器人,优龙机器人,康复辅具;消费品,外骨骼;智能硬件,未标注,服务商,
程天科技,程天科技,康复辅具;消费品,外骨骼;智能硬件,未标注,服务商,
傅利叶智能,傅利叶智能,康复辅具;智能科技,AI科技;外骨骼;康复;机器人,未标注,服务商,
乐聚机器人,乐聚机器人,智能科技;生活照护,居家护理;机器人,未标注,服务商,
迈步机器人,迈步机器人,康复辅具;智能科技,康复;机器人,未标注,服务商,
卓道医疗,卓道医疗,康复辅具,康复,未标注,服务商,
江苏艾雨文承,江苏艾雨文承,文娱社交;智能科技,机器人;陪伴机器人,未标注,服务商,
麦迪科技,麦迪科技,智能科技,机器人,未标注,服务商,
达闼机器人,达闼机器人,智能科技,机器人,未标注,服务商,
欧圣电气(伊利诺),欧圣电气,智能科技;生活照护,专业护理;机器人,未标注,服务商,
中科行智,中科行智,智能科技,机器人,未标注,服务商,
大象机器人,大象机器人,文娱社交;智能科技,机器人;陪伴机器人,未标注,服务商,
萌友智能,萌友智能,文娱社交;智能科技,机器人;陪伴机器人,未标注,服务商,
中科源码,中科源码,医疗健康;文娱社交;智能科技,心理健康服务;机器人;陪伴机器人,未标注,服务商,
森丽康科技,森丽康科技,医疗健康;文娱社交;智能科技,心理健康服务;机器人;陪伴机器人,未标注,服务商,
腾讯 Robotics X,腾讯,智能科技;生活照护,居家护理;机器人,未标注,服务商,
海尔兄弟机器人,海尔,智能科技,机器人,未标注,服务商,
傲鲨智能,傲鲨智能,康复辅具;消费品,外骨骼;智能硬件,未标注,服务商,
星动纪元,星动纪元,智能科技,机器人,未标注,服务商,
杭州智元研究院,杭州智元研究院,康复辅具;消费品,外骨骼;智能硬件,未标注,服务商,
智听科技,智听科技,消费品,助听器,未标注,服务商,
新奈医疗,新奈医疗,医疗健康,健康监测,未标注,服务商,
百善九号,百善九号,智能科技,照护系统,未标注,服务商,
分音塔科技,分音塔科技,文娱社交,陪伴机器人,未标注,服务商,
九为健康,九为健康,医疗健康;智能科技,AI科技;健康管理,未标注,服务商,
问岐健康,问岐健康,医疗健康;智能科技,AI科技;健康管理,未标注,服务商,
朗毅机器人,朗毅机器人,消费品,智能硬件,未标注,服务商,
矩侨工业,矩侨工业,医疗健康;智能科技,健康监测;机器人,未标注,服务商,
骅羲智能,骅羲智能,智能科技,机器人,未标注,服务商,
中天益寿林,中天益寿林,医疗健康,远程医疗,未标注,服务商,
百联繁花里,百联繁花里,渠道零售,银发零售,未标注,服务商,
澳维诺,澳维诺,食品营养,营养食品,未标注,服务商,
好健康 goodhealth,好健康,食品营养,营养食品,未标注,服务商,
可氏利夫,可氏利夫,消费品,个护,未标注,服务商,
乐霂,乐霂,消费品,个护,未标注,服务商,
韩束,韩束,产业服务;消费品,个护;银发日用,未标注,服务商,
珀莱雅,珀莱雅,消费品,个护,未标注,服务商,
卡唯朵,卡唯朵,产业服务;消费品,个护;银发日用,未标注,服务商,
不老谜语,不老谜语,产业服务;消费品,个护;银发日用,未标注,服务商,
斯凯奇,斯凯奇,产业服务;消费品,银发日用;鞋服,未标注,服务商,
因你 inne,因你inne,食品营养,营养食品,未标注,服务商,
京东方 BOE,京东方,生活照护,智慧养老,未标注,服务商,
Celularity,,智能科技,长寿科技,未标注,服务商,
Altos Labs,,智能科技,长寿科技,未标注,服务商,
Andromeda Robotics,,医疗健康;智能科技,心理健康服务;机器人,未标注,技术服务商,
Salvo Health,,医疗健康;金融保险,产业资本;慢病管理;远程医疗,未标注,服务商,
Xella Health,,医疗健康;智能科技,女性健康服务;长寿科技,未标注,服务商,
Gardia,,医疗健康,健康监测,未标注,技术服务商,
Ceresti,,医疗健康;智能科技;生活照护,居家护理;照护系统;认知症,未标注,服务商,
Sukoon Unlimited,,医疗健康;文娱社交,心理健康服务;老年文娱,未标注,服务商,
Hera,,智能科技;生活照护;金融保险,产业资本;护理平台;照护系统,未标注,技术服务商,
Aerska,,医疗健康,心理健康服务;认知症,未标注,服务商,
Herself Health,,医疗健康;金融保险,产业资本;女性健康服务,未标注,服务商,
Altek Corporation,华晶科技,生活照护,智慧养老,未标注,技术服务商,
银河通用机器人,银河通用,智能科技,AI科技;机器人,未标注,服务商,
自变量机器人,自变量,智能科技,AI科技;机器人,未标注,技术服务商,
新双派,新双派,消费品;生活照护,智能硬件;辅具;适老化产品,未标注,技术服务商,
智医向量机器人,智医向量,智能科技,AI科技,未标注,技术服务商,
浙江人形机器人创新中心,浙江人形机器人创新中心,智能科技,机器人,未标注,服务商,
AvevoRx,,生活照护,居家护理,未标注,服务商,
Complete Care Management Services,,生活照护,居家护理,未标注,服务商,
Anytime Home Care,,生活照护,居家护理,未标注,服务商,
Pansy Homecare,,医疗健康;生活照护,居家护理;认知症,未标注,服务商,
BrightStar Care,,生活照护,居家护理,未标注,服务商,
HomeWell Franchising,,生活照护,居家护理,未标注,服务商,
Sodalis Senior Living,,养老住房;医疗健康,养老社区;认知症,未标注,服务商,
Nano Hearing Aids,,产业服务;消费品,感官辅助;辅具,未标注,服务商,
IntellaTriage,,医疗健康,临终关怀;健康监测,未标注,服务商,
White Orchid Hospice,,医疗健康,临终关怀,未标注,服务商,
HealthFlex Hospice,,医疗健康,临终关怀,未标注,服务商,
Seraphina Therapeutics (fatty15),,产业服务;食品营养,营养食品;银发日用,未标注,服务商,
Teton.ai,,医疗健康;智能科技;消费品,AI科技;健康监测;智能硬件,B2B,技术服务商,
Lizzy Care,,养老住房;医疗健康,养老机构;认知症,B2B+B2C,平台,
Zingage,,智能科技;生活照护,AI科技;专业护理,B2B,技术服务商,
Gladys,,智能科技;生活照护,AI科技;专业护理,B2B,技术服务商,
Janus Living,,养老住房;金融保险,产业资本;养老社区,未标注,服务商,
Healthpeak Properties,,养老住房,养老社区,未标注,服务商,
The Care Team,,医疗健康,临终关怀,B2B,服务商,
VitalCaring,,医疗健康,临终关怀,B2B,服务商,
ECP,,智能科技,照护系统,B2B,服务商,
Biopeak,,智能科技,长寿科技,B2B+B2C,服务商,
Blue Longevity Clinic,,智能科技,长寿科技,B2B+B2C,服务商,线下
LegUp,,生活照护,护理平台,B2B+B2C,平台,
BrainCheck,,医疗健康;智能科技,AI科技;认知症,B2B,服务商,
Sonida Senior Living,,养老住房,养老社区,未标注,平台,
Cadence,,医疗健康;智能科技,AI科技;慢病管理,B2B,技术服务商,
Enzo Health,,医疗健康;智能科技;生活照护,AI科技;专业护理;临终关怀,B2B,技术服务商,
Avaí Bio,,智能科技,长寿科技,未标注,制造商(药),
Validose,,医疗健康,慢病管理,B2B,技术服务商,
PillSafe,,消费品,智能硬件,B2B+B2C,服务商,
SilverAssist,,生活照护,护理平台,B2B,服务商,
国民养老保险,国民养老保险,金融保险,保险科技,B2B+B2C,服务商,
Welltower,Welltower｜医疗地产信托,金融保险,产业资本,未标注,制造商(消费品),
Ventas,Ventas｜医疗REIT,金融保险,产业资本,未标注,平台,
Omega Healthcare Investors,Omega 医疗投资者,金融保险,产业资本,未标注,服务商,
CareTrust REIT,CareTrust REIT,金融保险,产业资本,未标注,平台,
Option Care Health,Option Care 健康,生活照护,居家护理,B2B+B2C,服务商,
The Ensign Group,Ensign 集团,养老住房;金融保险,产业资本;养老机构,未标注,服务商,
National Health Investors,国家医疗投资者,金融保险,产业资本,未标注,服务商,
Sabra Health Care REIT,Sabra 医疗REIT,养老住房;金融保险,产业资本;养老机构,未标注,平台,
LTC Properties,LTC 地产,金融保险,产业资本,未标注,服务商,
Healthcare Realty Trust,医疗地产信托,金融保险,产业资本,未标注,服务商,
AdaptHealth,AdaptHealth,医疗健康,健康监测;医疗器械,B2B+B2C,制造商(硬件/设备),
Medical Properties Trust,医疗地产信托(MPT),金融保险,产业资本,未标注,服务商,
Diversified Healthcare Trust,多元医疗信托,金融保险,产业资本,未标注,平台,
Cera,Cera｜英国居家医疗AI,医疗健康;金融保险,产业资本;远程医疗,B2B+B2C,技术服务商,
Clariane,Clariane（原 Korian）,养老住房,养老社区,未标注,服务商,
Emeis (Orpea),Emeis（原 Orpea）,养老住房,养老社区,未标注,制造商(消费品),
BioAge Labs,BioAge Labs｜长寿科技,智能科技;金融保险,产业资本;长寿科技,B2B,投资机构,
Calico,Calico｜Alphabet 长寿实验室,智能科技,长寿科技,未标注,制造商(药),
Unity Biotechnology,Unity 生物科技,智能科技,长寿科技,B2B,投资机构,
Benesse,Benesse｜倍乐生,文娱社交;金融保险,产业资本;教育,B2B+B2C,服务商,
Nichii Gakkan,日医学馆,生活照护;金融保险,产业资本;居家护理,B2C,服务商,
Stannah,Stannah｜楼梯升降,养老住房,适老化改造,B2C,制造商(硬件/设备),
Doro,Doro｜老人手机,养老住房,适老化改造,B2C,制造商(硬件/设备),
Essity,Essity｜添宁母公司,生活照护,专业护理,B2B+B2C,服务商,
Callie Care,Callie Care｜语音AI照护,生活照护,智慧养老,B2B+B2C,技术服务商,
Front Porch,Front Porch｜CCRC,养老住房,养老社区,未标注,服务商,
Visiting Angels,Visiting Angels｜上门照护加盟,生活照护,居家护理,B2C,服务商,
Catalia Health,Catalia 健康,医疗健康;智能科技,AI科技;慢病管理,B2B+B2C,技术服务商,
Uniper,Uniper｜抗孤独虚拟互动,医疗健康;文娱社交,心理健康服务;老年文娱,B2B+B2C,平台,
Rylo,,产业服务;消费品,助听器;感官辅助,B2B+B2C,技术服务商,
Neurable,,生活照护,智慧养老,B2C,服务商,
IO Health,,医疗健康,临终关怀,B2B,技术服务商,
Optain Health,,产业服务;消费品,感官辅助;眼镜,B2B,技术服务商,
Lumata Health,,产业服务;医疗健康;消费品,感官辅助;慢病管理;眼镜,B2B,服务商,
Age Care Labs,,生活照护,居家护理;护理平台,B2B+B2C,服务商,
Uresta,,医疗健康;生活照护,专业护理;女性健康服务,B2B+B2C,服务商,
CareFlick,,智能科技,照护系统,B2B,服务商,
Ubie,,智能科技,AI科技,B2B+B2C,技术服务商,
极壳科技,极壳科技,康复辅具;消费品,外骨骼;智能硬件,B2B+B2C,服务商,
蓓明医疗,蓓明医疗,康复辅具;生活照护,康复;智慧养老,B2B,制造商(硬件/设备),
兴业控股,兴业控股,养老住房;金融保险,产业资本;养老社区,B2B+B2C,服务商,
太医管家,太医管家,医疗健康,远程医疗,B2B+B2C,平台,
深睿医疗,深睿医疗,生活照护,智慧养老,B2B,技术服务商,
杭州微脉,杭州微脉,医疗健康,慢病管理,B2B+B2C,平台,
傲意科技,傲意科技,医疗健康;生活照护,心理健康服务;智慧养老,B2B,制造商(硬件/设备),
星尘智能,星尘智能,智能科技,AI科技;机器人,B2B,服务商,
松延动力,松延动力,智能科技,AI科技;机器人,B2B,服务商,
白马星球,白马星球,文娱社交;智能科技,旅游;照护系统,B2B+B2C,平台,
锋物科技,锋物科技,智能科技,照护系统,B2B,技术服务商,
乐湾养老,乐湾养老,智能科技,数字化,B2B,平台,
中科华意,中科华意,医疗健康;康复辅具;生活照护,康复;心理健康服务;智慧养老;认知症,B2B,制造商(硬件/设备),
阶梯医疗,阶梯医疗,生活照护,智慧养老,B2B,制造商(硬件/设备),
宸汐健康,宸汐健康,医疗健康,健康管理,B2B+B2C,平台,
智医慧云,智医慧云,产业服务,咨询研究,B2B,制造商(药),
泉智博,泉智博,智能科技,机器人,B2B,服务商,
海每康医疗,海每康医疗,康复辅具,康复,B2B,制造商(硬件/设备),
纽聆氪医疗,纽聆氪医疗,康复辅具,康复,B2B,制造商(硬件/设备),
博芮健,博芮健,医疗健康,认知症,B2B,服务商,
Audicus,,产业服务;消费品,助听器;感官辅助,B2C,服务商,
Lexie Hearing,,产业服务;消费品,助听器;感官辅助,B2C,服务商,线上
Audien,,产业服务;消费品,助听器;感官辅助,B2C,服务商,线上
Olive Union,,产业服务;消费品,助听器;感官辅助,B2C,制造商(硬件/设备),
Earlens,,产业服务;消费品,助听器;感官辅助,B2B+B2C,技术服务商,
IrisVision,,产业服务;消费品,感官辅助;眼镜,B2B+B2C,服务商,
eSight,,产业服务;消费品,感官辅助;眼镜,B2C,服务商,
NuEyes,,产业服务;消费品,感官辅助;眼镜,B2C,技术服务商,
WHILL,,消费品,智能硬件;辅具,B2B+B2C,制造商(硬件/设备),
Permobil,,消费品,智能硬件;辅具,B2B,服务商,
Sunrise Medical,,消费品,智能硬件;辅具,B2B,服务商,
ReWalk Robotics,,康复辅具;消费品,外骨骼;智能硬件,B2B,服务商,
Ekso Bionics,,康复辅具;消费品,外骨骼;智能硬件,B2B,服务商,
MindMate,,医疗健康,认知症;认知训练,B2C,服务商,线上
Constant Therapy,,医疗健康;康复辅具,康复;心理健康服务,B2B+B2C,服务商,
HappyNeuron Pro,,医疗健康,认知症;认知训练,B2B,服务商,
CogniFit,,医疗健康,认知症,B2B+B2C,平台,
Dakim,,医疗健康,认知症;认知训练,B2B+B2C,服务商,
BrainHQ,,医疗健康,认知症;认知训练,B2B+B2C,服务商,
The Joy Club,,文娱社交,老年文娱,B2C,服务商,线下
WellSky,,智能科技,照护系统,B2B,服务商,
AlayaCare,,智能科技;生活照护,居家护理;照护系统,B2B,服务商,
CareMerge,,智能科技,照护系统,B2B,平台,
OnShift,,智能科技,照护系统,B2B,服务商,
ClearCare,,智能科技;生活照护,居家护理;照护系统,B2B,服务商,
Medflyt,,智能科技;生活照护,居家护理;护理平台;照护系统,B2B,服务商,
CareJoy,,生活照护,居家护理,B2B,服务商,
Hometeam,,消费品;生活照护,居家护理;智能硬件,B2B+B2C,平台,线上
Clover Health,,金融保险,产业资本;保险,B2B+B2C,服务商,
Alignment Health,,金融保险,产业资本;保险,B2B+B2C,服务商,
CareMax,,金融保险,保险,B2B+B2C,服务商,
Retro Biosciences,,智能科技,长寿科技,B2B,制造商(药),
Life Biosciences,,智能科技,长寿科技,B2B,制造商(药),
Idoven,,医疗健康,健康监测,B2B+B2C,技术服务商,
InsideTracker,,医疗健康;智能科技,健康监测;长寿科技,B2C,服务商,
Function Health,,医疗健康;智能科技,健康监测;长寿科技,B2C,服务商,
Prenuvo,,医疗健康;智能科技,健康监测;长寿科技,B2C,服务商,
Elysium Health,,智能科技;食品营养,营养食品;长寿科技,B2C,服务商,
Peppy,,医疗健康,女性健康服务,B2B,服务商,
Stella,,医疗健康,女性健康服务,B2B+B2C,服务商,
Kinesense,,医疗健康;智能科技,AI科技;健康监测,B2B,服务商,
Cartken,,智能科技,机器人,B2B,服务商,
WalkJoy,,医疗健康,健康监测,B2B+B2C,制造商(硬件/设备),
Kraydel,,医疗健康,健康监测;远程医疗,B2B,服务商,
Tunstall,,医疗健康,远程医疗,B2B,服务商,
Lifted,,医疗健康;智能科技,AI科技;健康监测;远程医疗,B2B,技术服务商,
Capsule,,医疗健康,医疗器械,B2B+B2C,服务商,
EllieGrid,,消费品,智能硬件,B2C,服务商,线上
PharmAdva,,消费品,智能硬件,B2B+B2C,服务商,
Mom's Meals,,医疗健康;食品营养,医疗器械;慢病管理;营养食品,B2B+B2C,服务商,
Silver Cuisine,,食品营养,营养食品,B2C,服务商,
Magic Kitchen,,食品营养,营养食品,B2C,服务商,
Kate Farms,,食品营养,营养食品,B2B+B2C,制造商(消费品),
Solace,,医疗健康;金融保险,临终关怀;健康管理;养老金融,B2B+B2C,服务商,
Butlr,,医疗健康,健康监测,B2B,技术服务商,
Lotus,,医疗健康,女性健康服务,B2B+B2C,服务商,
Guaranteed,,金融保险,养老金融,B2B+B2C,服务商,
Bright,,金融保险,养老金融,B2B+B2C,服务商,
Bluecrest,,医疗健康,健康监测,B2C,服务商,
Hometouch,,生活照护,居家护理,B2B+B2C,平台,
SuperCarers,,生活照护,居家护理;护理平台,B2B+B2C,服务商,
Portever,,养老住房,养老社区,B2B+B2C,平台,
Person Centred Software,,智能科技,照护系统,B2B,服务商,
Mayden,,医疗健康,健康监测,B2B,服务商,
Oomph! Wellness,,医疗健康,健康管理,B2B,服务商,
CareVision,,文娱社交,老年文娱,B2B,服务商,
Strolll,,医疗健康;康复辅具,康复;心理健康服务,B2B+B2C,服务商,
Kaia Health,,康复辅具,康复,B2B+B2C,服务商,线上
星纵物联,星纵物联,医疗健康,健康监测,B2B,服务商,
Medical Guardian,,医疗健康,健康监测,B2C,服务商,
MobileHelp,,医疗健康,健康监测,B2C,服务商,
TytoCare,,医疗健康,远程医疗,B2B+B2C,平台,
九安医疗,九安医疗,医疗健康,医疗器械,B2B+B2C,服务商,
可孚医疗,可孚医疗,医疗健康;康复辅具,健康监测;医疗器械;康复,B2B+B2C,制造商(硬件/设备),
钛米机器人,钛米机器人,智能科技,机器人,B2B,服务商,
LOVOT,,医疗健康;文娱社交;智能科技,心理健康服务;机器人;陪伴机器人,B2C,服务商,
PARO,,医疗健康;智能科技,机器人;认知症,B2B,服务商,
Temi,,智能科技,机器人,B2B+B2C,服务商,
Trust & Will,,医疗健康,临终关怀,B2C,服务商,
Alto Pharmacy,,医疗健康,医疗器械,B2B+B2C,服务商,
EyeQue,,消费品,眼镜,B2C,服务商,
Neurotrack,,医疗健康;智能科技,AI科技;认知症,B2B+B2C,平台,
乐心医疗,乐心医疗,医疗健康;金融保险,产业资本;医疗器械,B2B+B2C,服务商,
三诺生物,三诺生物,医疗健康;金融保险,产业资本;医疗器械,B2B+B2C,服务商,
康泰医学,康泰医学,医疗健康;金融保险,产业资本;医疗器械,B2B+B2C,制造商(硬件/设备),
达闼科技,达闼科技,智能科技,机器人,B2B,服务商,
hear.com,,产业服务;消费品,助听器;感官辅助,B2C,平台,
Amada Senior Care,,生活照护,居家护理,B2B+B2C,服务商,
SCAN Health Plan,,金融保险,产业资本;保险,B2B+B2C,服务商,
翔宇医疗,翔宇医疗,康复辅具;金融保险,产业资本;康复,B2B,制造商(硬件/设备),
伟思医疗,伟思医疗,医疗健康;康复辅具,康复;心理健康服务,B2B,制造商(硬件/设备),
Nymbl Science,,医疗健康,健康监测,B2B+B2C,服务商,线上
EmpowerMe Wellness,,医疗健康;文娱社交;食品营养,健康管理;健身;营养食品,B2B+B2C,服务商,
Clyx,,医疗健康;文娱社交,心理健康服务;社交平台;老年文娱,B2C,技术服务商,
BetterAge,,医疗健康,健康管理,B2B+B2C,服务商,
EnLite Health Solutions,,医疗健康,健康管理;心理健康服务,未标注,服务商,
AIM,,生活照护,智慧养老,未标注,技术服务商,
Qida,,医疗健康,健康管理,未标注,服务商,
Jubo,,智能科技,AI科技;照护系统,未标注,技术服务商,
Kuvu,,智能科技,照护系统,未标注,服务商,
Watcherr,,医疗健康,健康监测,未标注,技术服务商,
Cuidum,,生活照护,居家护理;护理平台,未标注,服务商,
Lola Cares,,医疗健康;文娱社交,心理健康服务;陪伴机器人,未标注,技术服务商,
PointClickCare,,智能科技,照护系统,未标注,服务商,
Vestwell,,金融保险,养老金融,B2B,服务商,
Capital Rx,,金融保险,养老金融,未标注,服务商,
Warren,,金融保险,养老金融,未标注,服务商,
Pensionbox,,金融保险,养老金融,未标注,服务商,
缘和银发,北京缘和银发经济科技有限公司,文娱社交,教育;老年文娱,未标注,平台,
中旅好时光,中旅好时光,文娱社交,旅游,未标注,服务商,
小诺家护,小诺家护,医疗健康;康复辅具;生活照护,居家护理;康复;远程医疗,未标注,平台,线上
小橙集团,小橙集团,智能科技,数字化,未标注,服务商,
脂代科技,脂代科技,食品营养,营养食品,未标注,制造商(消费品),
沐之爱,沐之爱,智能科技,照护系统,未标注,平台,
华康岛,华康岛,养老住房,适老化改造,未标注,服务商,
伊维养老,伊维养老,养老住房;医疗健康,健康监测;适老化改造,未标注,服务商,
